ids,height,width
train/n02092339/n02092339_2316.JPEG,500,375
train/n02104365/n02104365_2644.JPEG,332,500
train/n02114548/n02114548_3397.JPEG,367,500
train/n02074367/n02074367_3286.JPEG,375,500
train/n03803284/n03803284_10224.JPEG,500,375
train/n02415577/n02415577_61.JPEG,372,500
train/n02123597/n02123597_10952.JPEG,375,500
train/n03935335/n03935335_12687.JPEG,475,475
train/n03496892/n03496892_16091.JPEG,500,334
train/n03793489/n03793489_10620.JPEG,500,333
train/n02494079/n02494079_4002.JPEG,375,500
train/n03887697/n03887697_4301.JPEG,375,500
train/n03530642/n03530642_139.JPEG,480,640
train/n02097130/n02097130_11561.JPEG,500,375
train/n07753592/n07753592_3785.JPEG,375,500
train/n02236044/n02236044_15191.JPEG,361,500
train/n03649909/n03649909_20149.JPEG,338,450
train/n02788148/n02788148_7349.JPEG,480,640
train/n02086079/n02086079_36966.JPEG,469,625
train/n03384352/n03384352_4592.JPEG,1600,1200
train/n02488291/n02488291_3157.JPEG,800,533
train/n04447861/n04447861_6404.JPEG,500,375
train/n04592741/n04592741_13208.JPEG,333,500
train/n02389026/n02389026_3068.JPEG,437,500
train/n11879895/n11879895_6724.JPEG,334,500
train/n02391049/n02391049_2596.JPEG,333,500
train/n03447721/n03447721_36945.JPEG,334,500
train/n03710193/n03710193_4591.JPEG,419,500
train/n02102177/n02102177_6125.JPEG,500,333
train/n02077923/n02077923_9099.JPEG,333,500
train/n03954731/n03954731_991.JPEG,364,500
train/n04259630/n04259630_26154.JPEG,332,500
train/n03803284/n03803284_11727.JPEG,388,470
train/n09246464/n09246464_32368.JPEG,313,500
train/n04336792/n04336792_49806.JPEG,334,500
train/n02480855/n02480855_2800.JPEG,375,500
train/n07615774/n07615774_15440.JPEG,333,500
train/n04229816/n04229816_6482.JPEG,500,393
train/n02113799/n02113799_5047.JPEG,340,500
train/n04458633/n04458633_21997.JPEG,500,364
train/n04009552/n04009552_17398.JPEG,375,500
train/n04118776/n04118776_51032.JPEG,403,500
train/n03063599/n03063599_3907.JPEG,388,500
train/n09332890/n09332890_8864.JPEG,480,640
train/n03837869/n03837869_9590.JPEG,340,500
train/n02106550/n02106550_9965.JPEG,500,402
train/n01560419/n01560419_2689.JPEG,333,500
train/n03661043/n03661043_20652.JPEG,333,500
train/n02814860/n02814860_36705.JPEG,334,500
train/n11939491/n11939491_21375.JPEG,375,500
train/n01632458/n01632458_622.JPEG,375,500
train/n07930864/n07930864_30146.JPEG,321,500
train/n03709823/n03709823_17274.JPEG,451,500
train/n02128925/n02128925_1572.JPEG,334,500
train/n02692877/n02692877_6132.JPEG,403,504
train/n03532672/n03532672_48592.JPEG,500,375
train/n01537544/n01537544_26212.JPEG,393,500
train/n03201208/n03201208_17147.JPEG,500,375
train/n02107908/n02107908_7691.JPEG,1984,1488
train/n15075141/n15075141_4261.JPEG,375,500
train/n04336792/n04336792_2776.JPEG,500,375
train/n02701002/n02701002_4129.JPEG,375,500
train/n02107683/n02107683_2664.JPEG,500,375
train/n07716358/n07716358_12258.JPEG,375,500
train/n04229816/n04229816_12855.JPEG,500,316
train/n02971356/n02971356_35580.JPEG,333,500
train/n03937543/n03937543_11323.JPEG,375,500
train/n03720891/n03720891_12033.JPEG,375,500
train/n03877845/n03877845_6515.JPEG,334,500
train/n03496892/n03496892_20802.JPEG,375,500
train/n04493381/n04493381_28877.JPEG,367,500
train/n01665541/n01665541_2506.JPEG,333,500
train/n01843383/n01843383_3155.JPEG,333,500
train/n02096437/n02096437_930.JPEG,500,357
train/n03032252/n03032252_48779.JPEG,313,500
train/n09399592/n09399592_97210.JPEG,375,500
train/n03980874/n03980874_3028.JPEG,434,450
train/n03481172/n03481172_2337.JPEG,375,500
train/n04399382/n04399382_34324.JPEG,477,500
train/n03372029/n03372029_41441.JPEG,334,500
train/n02871525/n02871525_5578.JPEG,500,375
train/n02909870/n02909870_23581.JPEG,335,500
train/n02391049/n02391049_695.JPEG,400,640
train/n01968897/n01968897_18096.JPEG,486,600
train/n02006656/n02006656_4252.JPEG,401,500
train/n07717410/n07717410_8654.JPEG,480,640
train/n02808440/n02808440_2874.JPEG,500,375
train/n01774384/n01774384_1705.JPEG,1536,1314
train/n02190166/n02190166_8338.JPEG,500,434
train/n07920052/n07920052_12109.JPEG,375,500
train/n03649909/n03649909_7726.JPEG,334,500
train/n03874599/n03874599_4814.JPEG,333,500
train/n02492660/n02492660_9955.JPEG,334,500
train/n02134418/n02134418_254.JPEG,500,375
train/n03249569/n03249569_47973.JPEG,500,333
train/n09332890/n09332890_9254.JPEG,960,1280
train/n03954731/n03954731_254.JPEG,375,500
train/n01776313/n01776313_10566.JPEG,597,800
train/n04429376/n04429376_21738.JPEG,500,375
train/n02190166/n02190166_3372.JPEG,333,500
train/n01631663/n01631663_8371.JPEG,313,500
train/n12144580/n12144580_2326.JPEG,375,500
train/n04461696/n04461696_5036.JPEG,333,500
train/n10148035/n10148035_16703.JPEG,500,335
train/n04552348/n04552348_7580.JPEG,400,500
train/n02128757/n02128757_3331.JPEG,434,500
train/n03956157/n03956157_14106.JPEG,375,500
train/n03769881/n03769881_3870.JPEG,317,406
train/n03461385/n03461385_32710.JPEG,375,500
train/n04509417/n04509417_1319.JPEG,333,500
train/n04243546/n04243546_29717.JPEG,350,600
train/n02395406/n02395406_7148.JPEG,383,500
train/n03775071/n03775071_12976.JPEG,375,500
train/n04125021/n04125021_27614.JPEG,500,375
train/n07734744/n07734744_2674.JPEG,375,500
train/n04536866/n04536866_11082.JPEG,375,500
train/n04009552/n04009552_15803.JPEG,500,500
train/n03729826/n03729826_43005.JPEG,331,500
train/n02108915/n02108915_720.JPEG,500,333
train/n06785654/n06785654_22142.JPEG,333,500
train/n04483307/n04483307_14259.JPEG,426,640
train/n01756291/n01756291_1258.JPEG,400,600
train/n02321529/n02321529_5188.JPEG,364,400
train/n03838899/n03838899_28393.JPEG,500,335
train/n01530575/n01530575_2368.JPEG,719,945
train/n02102480/n02102480_7929.JPEG,533,800
train/n03717622/n03717622_8828.JPEG,375,500
train/n03041632/n03041632_18468.JPEG,338,500
train/n03743016/n03743016_1680.JPEG,450,600
train/n02219486/n02219486_27074.JPEG,347,500
train/n02966193/n02966193_37057.JPEG,500,375
train/n02277742/n02277742_8870.JPEG,402,500
train/n02106662/n02106662_12147.JPEG,379,500
train/n02106550/n02106550_5797.JPEG,500,357
train/n02804610/n02804610_15739.JPEG,500,313
train/n03065424/n03065424_30076.JPEG,333,500
train/n02892201/n02892201_31381.JPEG,500,375
train/n04251144/n04251144_1777.JPEG,375,500
train/n02110341/n02110341_7064.JPEG,335,500
train/n01774750/n01774750_2410.JPEG,375,500
train/n03895866/n03895866_105700.JPEG,500,423
train/n02643566/n02643566_434.JPEG,500,400
train/n04367480/n04367480_13140.JPEG,343,500
train/n01756291/n01756291_7580.JPEG,600,781
train/n02106030/n02106030_13432.JPEG,400,500
train/n03924679/n03924679_13361.JPEG,413,695
train/n01644373/n01644373_7366.JPEG,333,500
train/n02879718/n02879718_11959.JPEG,600,399
train/n01582220/n01582220_1066.JPEG,624,546
train/n07831146/n07831146_4174.JPEG,333,500
train/n03920288/n03920288_3455.JPEG,375,500
train/n02808304/n02808304_3807.JPEG,351,500
train/n03710637/n03710637_4188.JPEG,398,500
train/n04458633/n04458633_6497.JPEG,451,500
train/n02174001/n02174001_3348.JPEG,329,500
train/n04515003/n04515003_2426.JPEG,600,800
train/n01592084/n01592084_7156.JPEG,500,500
train/n03976657/n03976657_21222.JPEG,500,331
train/n01833805/n01833805_8982.JPEG,500,333
train/n04557648/n04557648_10456.JPEG,333,500
train/n07836838/n07836838_4747.JPEG,491,500
train/n02127052/n02127052_11023.JPEG,375,500
train/n02268443/n02268443_44390.JPEG,500,458
train/n11879895/n11879895_4970.JPEG,333,500
train/n07714990/n07714990_6697.JPEG,500,333
train/n03028079/n03028079_20888.JPEG,350,500
train/n04153751/n04153751_1915.JPEG,500,375
train/n01755581/n01755581_14119.JPEG,333,500
train/n02814860/n02814860_2466.JPEG,474,356
train/n02699494/n02699494_2634.JPEG,375,500
train/n04332243/n04332243_35032.JPEG,320,500
train/n01807496/n01807496_1259.JPEG,500,323
train/n03250847/n03250847_3517.JPEG,400,500
train/n04550184/n04550184_40865.JPEG,375,500
train/n03095699/n03095699_2466.JPEG,333,500
train/n01534433/n01534433_13597.JPEG,500,375
train/n03188531/n03188531_29760.JPEG,375,500
train/n07753592/n07753592_8093.JPEG,375,500
train/n04501370/n04501370_7028.JPEG,500,375
train/n04356056/n04356056_62178.JPEG,375,500
train/n11939491/n11939491_9760.JPEG,375,500
train/n09246464/n09246464_18042.JPEG,554,800
train/n01910747/n01910747_956.JPEG,375,500
train/n04501370/n04501370_22919.JPEG,333,500
train/n02279972/n02279972_2551.JPEG,500,500
train/n02264363/n02264363_5785.JPEG,533,800
train/n07920052/n07920052_12889.JPEG,334,500
train/n02894605/n02894605_121711.JPEG,334,500
train/n03637318/n03637318_34162.JPEG,422,500
train/n02486410/n02486410_4450.JPEG,350,500
train/n03272562/n03272562_8023.JPEG,333,500
train/n04081281/n04081281_48286.JPEG,500,335
train/n07875152/n07875152_5401.JPEG,375,500
train/n04081281/n04081281_54609.JPEG,333,500
train/n02834397/n02834397_3269.JPEG,500,375
train/n02454379/n02454379_3389.JPEG,333,500
train/n04458633/n04458633_11631.JPEG,344,500
train/n04204347/n04204347_6762.JPEG,375,500
train/n03837869/n03837869_4715.JPEG,500,375
train/n02236044/n02236044_16567.JPEG,375,500
train/n02749479/n02749479_5302.JPEG,666,1183
train/n02088364/n02088364_3219.JPEG,375,500
train/n01910747/n01910747_2770.JPEG,500,375
train/n03384352/n03384352_20991.JPEG,375,500
train/n02268853/n02268853_704.JPEG,640,480
train/n04522168/n04522168_24904.JPEG,500,375
train/n04476259/n04476259_23834.JPEG,375,500
train/n01531178/n01531178_30112.JPEG,333,500
train/n04065272/n04065272_27458.JPEG,375,500
train/n01775062/n01775062_5725.JPEG,360,500
train/n02917067/n02917067_8730.JPEG,375,500
train/n01695060/n01695060_31088.JPEG,375,500
train/n04612504/n04612504_15155.JPEG,375,500
train/n04273569/n04273569_1019.JPEG,333,500
train/n09332890/n09332890_17127.JPEG,375,500
train/n02165105/n02165105_1895.JPEG,600,900
train/n02108551/n02108551_8505.JPEG,1800,1200
train/n02110627/n02110627_475.JPEG,500,375
train/n03100240/n03100240_813.JPEG,400,600
train/n04317175/n04317175_1129.JPEG,375,500
train/n03840681/n03840681_18447.JPEG,334,500
train/n04141975/n04141975_15445.JPEG,333,500
train/n04111531/n04111531_3121.JPEG,375,500
train/n07753275/n07753275_64075.JPEG,375,500
train/n02410509/n02410509_6833.JPEG,375,500
train/n02749479/n02749479_1341.JPEG,330,500
train/n03498962/n03498962_21421.JPEG,375,500
train/n03047690/n03047690_25079.JPEG,333,500
train/n01616318/n01616318_4102.JPEG,768,1024
train/n02667093/n02667093_6618.JPEG,334,500
train/n02790996/n02790996_19645.JPEG,500,375
train/n01729322/n01729322_152.JPEG,419,500
train/n03584254/n03584254_3703.JPEG,375,500
train/n03877472/n03877472_27784.JPEG,500,375
train/n02110063/n02110063_8857.JPEG,375,500
train/n03633091/n03633091_16466.JPEG,500,375
train/n02206856/n02206856_7744.JPEG,375,500
train/n01664065/n01664065_4022.JPEG,334,500
train/n09421951/n09421951_23064.JPEG,334,500
train/n04346328/n04346328_8480.JPEG,333,500
train/n02877765/n02877765_9793.JPEG,375,500
train/n02403003/n02403003_6793.JPEG,334,500
train/n02892201/n02892201_13555.JPEG,375,500
train/n04118776/n04118776_33043.JPEG,334,500
train/n03400231/n03400231_5824.JPEG,333,500
train/n02747177/n02747177_15857.JPEG,350,400
train/n03956157/n03956157_1923.JPEG,466,500
train/n03895866/n03895866_100831.JPEG,375,500
train/n04347754/n04347754_60041.JPEG,375,500
train/n04548362/n04548362_65634.JPEG,333,500
train/n02120079/n02120079_38700.JPEG,333,500
train/n02112018/n02112018_6429.JPEG,375,500
train/n01530575/n01530575_10471.JPEG,344,500
train/n03126707/n03126707_19246.JPEG,375,500
train/n03124043/n03124043_4484.JPEG,375,500
train/n03642806/n03642806_19368.JPEG,500,404
train/n01796340/n01796340_11659.JPEG,334,500
train/n07717556/n07717556_8339.JPEG,432,500
train/n03930630/n03930630_25267.JPEG,375,500
train/n02484975/n02484975_3463.JPEG,800,800
train/n01828970/n01828970_273.JPEG,500,361
train/n03482405/n03482405_30265.JPEG,343,457
train/n04523525/n04523525_21591.JPEG,500,333
train/n03868863/n03868863_5563.JPEG,500,414
train/n03417042/n03417042_13635.JPEG,375,500
train/n04372370/n04372370_24275.JPEG,500,500
train/n02326432/n02326432_5784.JPEG,333,500
train/n03743016/n03743016_14906.JPEG,375,500
train/n02643566/n02643566_291.JPEG,333,500
train/n02493509/n02493509_20085.JPEG,313,500
train/n02667093/n02667093_8392.JPEG,333,500
train/n02837789/n02837789_13965.JPEG,1024,685
train/n03871628/n03871628_25744.JPEG,375,500
train/n03530642/n03530642_22778.JPEG,375,500
train/n01910747/n01910747_7392.JPEG,375,500
train/n06596364/n06596364_16895.JPEG,626,400
train/n02190166/n02190166_5938.JPEG,357,500
train/n02091831/n02091831_3907.JPEG,500,375
train/n04200800/n04200800_17127.JPEG,330,500
train/n02444819/n02444819_6024.JPEG,334,500
train/n01770393/n01770393_5609.JPEG,350,326
train/n01770393/n01770393_7026.JPEG,375,500
train/n04254777/n04254777_15466.JPEG,479,500
train/n01944390/n01944390_7203.JPEG,800,532
train/n02951358/n02951358_12500.JPEG,375,500
train/n03710637/n03710637_5004.JPEG,550,550
train/n04522168/n04522168_4565.JPEG,500,375
train/n02101388/n02101388_19668.JPEG,332,500
train/n13133613/n13133613_52790.JPEG,2592,1944
train/n03891332/n03891332_1840.JPEG,500,332
train/n04613696/n04613696_14731.JPEG,375,500
train/n04023962/n04023962_966.JPEG,500,336
train/n04146614/n04146614_1077.JPEG,335,500
train/n02892201/n02892201_27966.JPEG,500,375
train/n02110063/n02110063_8879.JPEG,640,800
train/n02640242/n02640242_4766.JPEG,375,500
train/n02138441/n02138441_5479.JPEG,480,640
train/n02692877/n02692877_31521.JPEG,375,500
train/n02930766/n02930766_23459.JPEG,500,500
train/n02786058/n02786058_9749.JPEG,301,500
train/n02328150/n02328150_1951.JPEG,375,500
train/n02106166/n02106166_19411.JPEG,333,500
train/n02396427/n02396427_1410.JPEG,559,651
train/n03443371/n03443371_4135.JPEG,500,333
train/n02256656/n02256656_5578.JPEG,375,500
train/n03032252/n03032252_20629.JPEG,500,375
train/n15075141/n15075141_52056.JPEG,375,500
train/n02363005/n02363005_1383.JPEG,757,549
train/n03047690/n03047690_1327.JPEG,500,333
train/n04493381/n04493381_6602.JPEG,348,450
train/n02823428/n02823428_4605.JPEG,500,333
train/n02510455/n02510455_4074.JPEG,483,312
train/n01820546/n01820546_3743.JPEG,500,333
train/n02489166/n02489166_3507.JPEG,525,700
train/n02871525/n02871525_20580.JPEG,375,500
train/n03877845/n03877845_2985.JPEG,500,333
train/n01955084/n01955084_8097.JPEG,500,442
train/n02113624/n02113624_4030.JPEG,333,500
train/n02445715/n02445715_8439.JPEG,375,500
train/n02090721/n02090721_3595.JPEG,333,500
train/n01735189/n01735189_8590.JPEG,375,500
train/n07831146/n07831146_10808.JPEG,335,500
train/n03954731/n03954731_22984.JPEG,333,500
train/n02268853/n02268853_6541.JPEG,333,500
train/n02277742/n02277742_44267.JPEG,532,800
train/n04118776/n04118776_32922.JPEG,400,500
train/n02930766/n02930766_8303.JPEG,375,500
train/n07892512/n07892512_7949.JPEG,830,550
train/n03259280/n03259280_10186.JPEG,306,450
train/n03673027/n03673027_8250.JPEG,344,500
train/n11939491/n11939491_17297.JPEG,500,345
train/n04404412/n04404412_25323.JPEG,375,500
train/n01687978/n01687978_3226.JPEG,334,500
train/n02395406/n02395406_93770.JPEG,332,500
train/n02088238/n02088238_1251.JPEG,371,500
train/n04554684/n04554684_9379.JPEG,391,500
train/n03814906/n03814906_46305.JPEG,375,500
train/n02871525/n02871525_16181.JPEG,570,760
train/n03345487/n03345487_13797.JPEG,359,500
train/n02098413/n02098413_3216.JPEG,333,500
train/n02444819/n02444819_10063.JPEG,333,500
train/n02777292/n02777292_20581.JPEG,500,333
train/n01945685/n01945685_12966.JPEG,375,500
train/n03649909/n03649909_19535.JPEG,500,375
train/n04254777/n04254777_10726.JPEG,375,500
train/n03188531/n03188531_4960.JPEG,375,500
train/n04517823/n04517823_44104.JPEG,333,500
train/n03838899/n03838899_57693.JPEG,600,600
train/n04599235/n04599235_21945.JPEG,375,500
train/n01616318/n01616318_886.JPEG,400,500
train/n02177972/n02177972_5992.JPEG,400,500
train/n03133878/n03133878_22.JPEG,375,500
train/n02486261/n02486261_5315.JPEG,333,500
train/n01498041/n01498041_7876.JPEG,375,500
train/n02328150/n02328150_16472.JPEG,536,640
train/n02011460/n02011460_5208.JPEG,361,500
train/n02480495/n02480495_6456.JPEG,373,500
train/n02110958/n02110958_15932.JPEG,375,500
train/n07880968/n07880968_5023.JPEG,500,375
train/n02869837/n02869837_10380.JPEG,500,350
train/n04023962/n04023962_1302.JPEG,448,336
train/n04152593/n04152593_37748.JPEG,375,500
train/n03594945/n03594945_27335.JPEG,375,500
train/n01695060/n01695060_5230.JPEG,400,500
train/n02088364/n02088364_1892.JPEG,375,500
train/n07717410/n07717410_3424.JPEG,375,500
train/n09468604/n09468604_88360.JPEG,375,500
train/n09468604/n09468604_3861.JPEG,532,800
train/n02447366/n02447366_11585.JPEG,326,500
train/n02077923/n02077923_4654.JPEG,333,500
train/n03065424/n03065424_86437.JPEG,341,500
train/n02841315/n02841315_23361.JPEG,500,500
train/n03733281/n03733281_56764.JPEG,375,500
train/n06785654/n06785654_3396.JPEG,371,500
train/n03891332/n03891332_6126.JPEG,375,500
train/n04532670/n04532670_6602.JPEG,334,500
train/n03000684/n03000684_11333.JPEG,375,500
train/n02259212/n02259212_5188.JPEG,393,500
train/n01756291/n01756291_7043.JPEG,311,400
train/n04442312/n04442312_4566.JPEG,500,343
train/n02879718/n02879718_22372.JPEG,321,500
train/n09332890/n09332890_33033.JPEG,375,500
train/n02106166/n02106166_1845.JPEG,426,500
train/n04008634/n04008634_7120.JPEG,525,800
train/n02111500/n02111500_837.JPEG,375,500
train/n01695060/n01695060_6831.JPEG,375,500
train/n03874599/n03874599_6960.JPEG,331,500
train/n07716906/n07716906_977.JPEG,500,334
train/n02174001/n02174001_5088.JPEG,375,500
train/n04131690/n04131690_4848.JPEG,381,500
train/n03982430/n03982430_39931.JPEG,332,500
train/n02391049/n02391049_9160.JPEG,500,340
train/n02396427/n02396427_39767.JPEG,333,500
train/n04591713/n04591713_3736.JPEG,487,500
train/n02895154/n02895154_30028.JPEG,500,375
train/n02655020/n02655020_13965.JPEG,375,500
train/n04065272/n04065272_17050.JPEG,375,500
train/n02892201/n02892201_5263.JPEG,375,500
train/n02086910/n02086910_8728.JPEG,335,500
train/n02640242/n02640242_24767.JPEG,540,720
train/n01514859/n01514859_10645.JPEG,375,500
train/n09835506/n09835506_13579.JPEG,500,357
train/n04090263/n04090263_9514.JPEG,600,600
train/n04330267/n04330267_17356.JPEG,375,500
train/n04332243/n04332243_15092.JPEG,332,500
train/n04252077/n04252077_6810.JPEG,333,500
train/n01443537/n01443537_23802.JPEG,333,500
train/n02007558/n02007558_14991.JPEG,500,348
train/n03908618/n03908618_60.JPEG,579,726
train/n02782093/n02782093_645.JPEG,500,333
train/n02981792/n02981792_9778.JPEG,375,500
train/n02112137/n02112137_18122.JPEG,314,400
train/n02233338/n02233338_7499.JPEG,500,422
train/n02233338/n02233338_26969.JPEG,400,400
train/n02493793/n02493793_6184.JPEG,500,389
train/n02110185/n02110185_2211.JPEG,439,486
train/n01498041/n01498041_4243.JPEG,333,500
train/n03089624/n03089624_66661.JPEG,500,333
train/n02444819/n02444819_5077.JPEG,375,500
train/n04606251/n04606251_56001.JPEG,339,443
train/n02128385/n02128385_7578.JPEG,375,500
train/n02113624/n02113624_1453.JPEG,375,500
train/n01756291/n01756291_10543.JPEG,720,900
train/n01580077/n01580077_7501.JPEG,375,500
train/n03733131/n03733131_4145.JPEG,374,500
train/n04355933/n04355933_3245.JPEG,343,500
train/n02236044/n02236044_1852.JPEG,375,500
train/n03344393/n03344393_1652.JPEG,800,600
train/n03250847/n03250847_15934.JPEG,333,500
train/n02769748/n02769748_42334.JPEG,735,980
train/n02102177/n02102177_2695.JPEG,333,500
train/n02487347/n02487347_5194.JPEG,368,500
train/n03160309/n03160309_10090.JPEG,450,600
train/n04486054/n04486054_99.JPEG,375,500
train/n03223299/n03223299_31385.JPEG,500,349
train/n03792782/n03792782_2263.JPEG,456,500
train/n04447861/n04447861_1861.JPEG,375,500
train/n02443114/n02443114_37673.JPEG,368,500
train/n03476991/n03476991_16845.JPEG,500,375
train/n03976467/n03976467_13051.JPEG,485,500
train/n01498041/n01498041_1752.JPEG,375,500
train/n04265275/n04265275_12185.JPEG,333,500
train/n02389026/n02389026_14797.JPEG,312,500
train/n04366367/n04366367_30472.JPEG,352,500
train/n02481823/n02481823_15468.JPEG,333,500
train/n01692333/n01692333_6156.JPEG,375,500
train/n01494475/n01494475_7323.JPEG,400,602
train/n04371430/n04371430_4162.JPEG,334,500
train/n02129165/n02129165_12314.JPEG,333,500
train/n03125729/n03125729_8412.JPEG,480,656
train/n04599235/n04599235_22360.JPEG,500,375
train/n03924679/n03924679_10873.JPEG,500,499
train/n10148035/n10148035_21586.JPEG,500,333
train/n07695742/n07695742_4737.JPEG,358,500
train/n02676566/n02676566_8055.JPEG,326,500
train/n04310018/n04310018_11609.JPEG,500,375
train/n03424325/n03424325_780.JPEG,480,320
train/n12144580/n12144580_16926.JPEG,310,500
train/n03404251/n03404251_22619.JPEG,500,332
train/n04209239/n04209239_6511.JPEG,500,375
train/n04336792/n04336792_9069.JPEG,333,500
train/n02094433/n02094433_14172.JPEG,500,371
train/n02097658/n02097658_3294.JPEG,375,500
train/n01768244/n01768244_4156.JPEG,768,1024
train/n03742115/n03742115_1227.JPEG,334,500
train/n02939185/n02939185_1624.JPEG,333,500
train/n02877765/n02877765_3462.JPEG,333,500
train/n04243546/n04243546_29063.JPEG,629,804
train/n01665541/n01665541_42310.JPEG,312,500
train/n01833805/n01833805_102.JPEG,438,500
train/n01530575/n01530575_2810.JPEG,320,456
train/n04389033/n04389033_10299.JPEG,302,500
train/n04523525/n04523525_33311.JPEG,500,329
train/n04532106/n04532106_2306.JPEG,600,331
train/n01614925/n01614925_6255.JPEG,343,500
train/n02676566/n02676566_9575.JPEG,375,500
train/n02128925/n02128925_32128.JPEG,406,500
train/n02494079/n02494079_8626.JPEG,500,333
train/n03100240/n03100240_9462.JPEG,434,800
train/n03417042/n03417042_1841.JPEG,544,612
train/n02692877/n02692877_5031.JPEG,375,500
train/n02730930/n02730930_5219.JPEG,500,414
train/n02102318/n02102318_11222.JPEG,436,500
train/n04515003/n04515003_12646.JPEG,375,500
train/n03785016/n03785016_7865.JPEG,333,500
train/n04099969/n04099969_14397.JPEG,411,318
train/n02094433/n02094433_3478.JPEG,500,500
train/n04540053/n04540053_11707.JPEG,333,500
train/n04275548/n04275548_10771.JPEG,375,500
train/n03100240/n03100240_5342.JPEG,375,500
train/n04049303/n04049303_11252.JPEG,333,500
train/n03529860/n03529860_4586.JPEG,333,500
train/n03495258/n03495258_4839.JPEG,746,425
train/n03814906/n03814906_39974.JPEG,440,500
train/n04023962/n04023962_5933.JPEG,468,500
train/n04596742/n04596742_23083.JPEG,352,500
train/n03874599/n03874599_12177.JPEG,500,333
train/n04442312/n04442312_506.JPEG,487,500
train/n01735189/n01735189_13674.JPEG,768,998
train/n02085620/n02085620_10133.JPEG,333,500
train/n03777754/n03777754_9233.JPEG,2304,3072
train/n04367480/n04367480_26579.JPEG,480,320
train/n02025239/n02025239_4043.JPEG,396,500
train/n01943899/n01943899_10310.JPEG,304,430
train/n02096437/n02096437_1223.JPEG,398,500
train/n03496892/n03496892_12645.JPEG,450,640
train/n02105162/n02105162_3430.JPEG,683,475
train/n04486054/n04486054_9987.JPEG,375,500
train/n02346627/n02346627_10917.JPEG,336,448
train/n03720891/n03720891_4008.JPEG,375,500
train/n02486261/n02486261_3154.JPEG,375,500
train/n02747177/n02747177_6028.JPEG,500,375
train/n02666196/n02666196_18126.JPEG,375,500
train/n02869837/n02869837_12953.JPEG,375,500
train/n01873310/n01873310_4037.JPEG,349,505
train/n02992211/n02992211_26777.JPEG,500,333
train/n02840245/n02840245_9558.JPEG,333,500
train/n04328186/n04328186_10787.JPEG,600,550
train/n01735189/n01735189_984.JPEG,424,550
train/n02808304/n02808304_13447.JPEG,375,500
train/n02963159/n02963159_10956.JPEG,375,500
train/n01784675/n01784675_17155.JPEG,439,500
train/n02113624/n02113624_6248.JPEG,452,500
train/n02256656/n02256656_12226.JPEG,500,388
train/n01531178/n01531178_13441.JPEG,334,500
train/n03376595/n03376595_14102.JPEG,500,393
train/n03770679/n03770679_26543.JPEG,480,640
train/n02106550/n02106550_4224.JPEG,375,500
train/n04356056/n04356056_7074.JPEG,375,500
train/n03777754/n03777754_5548.JPEG,678,1032
train/n02361337/n02361337_10993.JPEG,376,470
train/n04136333/n04136333_1291.JPEG,500,360
train/n02112350/n02112350_7648.JPEG,332,500
train/n04081281/n04081281_106146.JPEG,333,500
train/n03759954/n03759954_6656.JPEG,427,640
train/n01667778/n01667778_473.JPEG,584,840
train/n03710193/n03710193_11063.JPEG,375,500
train/n02317335/n02317335_1383.JPEG,375,500
train/n04462240/n04462240_28275.JPEG,334,500
train/n02107312/n02107312_3613.JPEG,500,375
train/n02892767/n02892767_7449.JPEG,375,500
train/n03770679/n03770679_10018.JPEG,600,800
train/n03345487/n03345487_8913.JPEG,400,500
train/n02113712/n02113712_7692.JPEG,375,500
train/n03837869/n03837869_2155.JPEG,500,334
train/n02088094/n02088094_2292.JPEG,375,500
train/n04599235/n04599235_72769.JPEG,333,500
train/n01664065/n01664065_6828.JPEG,334,500
train/n04192698/n04192698_12144.JPEG,349,500
train/n02704792/n02704792_7289.JPEG,357,500
train/n03956157/n03956157_3315.JPEG,375,500
train/n02112137/n02112137_11933.JPEG,375,500
train/n03355925/n03355925_19407.JPEG,500,375
train/n04423845/n04423845_11641.JPEG,400,400
train/n04243546/n04243546_25114.JPEG,450,600
train/n09256479/n09256479_1445.JPEG,327,500
train/n01860187/n01860187_6333.JPEG,434,650
train/n02441942/n02441942_6727.JPEG,333,500
train/n02105855/n02105855_16530.JPEG,375,500
train/n02279972/n02279972_14791.JPEG,500,500
train/n04476259/n04476259_15447.JPEG,360,480
train/n02071294/n02071294_25961.JPEG,375,500
train/n01774384/n01774384_13863.JPEG,375,500
train/n01440764/n01440764_8426.JPEG,500,375
train/n01644373/n01644373_11474.JPEG,333,500
train/n03773504/n03773504_16972.JPEG,302,500
train/n03089624/n03089624_21313.JPEG,375,500
train/n04116512/n04116512_39611.JPEG,333,500
train/n02823428/n02823428_4774.JPEG,375,500
train/n04204347/n04204347_6633.JPEG,499,371
train/n01534433/n01534433_23443.JPEG,357,500
train/n04009552/n04009552_17142.JPEG,500,500
train/n06596364/n06596364_2246.JPEG,1000,750
train/n02747177/n02747177_30222.JPEG,333,500
train/n04356056/n04356056_51855.JPEG,500,333
train/n07754684/n07754684_30424.JPEG,375,500
train/n04251144/n04251144_2308.JPEG,375,500
train/n02870880/n02870880_58.JPEG,500,400
train/n03773504/n03773504_17642.JPEG,334,500
train/n02492660/n02492660_8097.JPEG,375,500
train/n04033901/n04033901_17372.JPEG,466,700
train/n12768682/n12768682_25434.JPEG,375,500
train/n01914609/n01914609_16472.JPEG,375,500
train/n04554684/n04554684_10053.JPEG,450,338
train/n02077923/n02077923_8774.JPEG,600,800
train/n02127052/n02127052_5115.JPEG,600,400
train/n03032252/n03032252_36745.JPEG,338,450
train/n02110341/n02110341_11923.JPEG,375,500
train/n03063599/n03063599_4008.JPEG,500,333
train/n02088094/n02088094_2960.JPEG,500,375
train/n02092002/n02092002_11105.JPEG,375,500
train/n11879895/n11879895_5689.JPEG,375,500
train/n01608432/n01608432_7218.JPEG,371,500
train/n01631663/n01631663_7819.JPEG,333,500
train/n02123045/n02123045_7483.JPEG,332,500
train/n03773504/n03773504_10749.JPEG,375,500
train/n04486054/n04486054_5665.JPEG,375,500
train/n01631663/n01631663_8396.JPEG,385,500
train/n03443371/n03443371_14392.JPEG,500,334
train/n01774750/n01774750_69.JPEG,375,500
train/n02114548/n02114548_11165.JPEG,430,500
train/n01614925/n01614925_3246.JPEG,500,472
train/n07693725/n07693725_7874.JPEG,375,500
train/n03131574/n03131574_15274.JPEG,336,448
train/n01828970/n01828970_22772.JPEG,500,386
train/n02111889/n02111889_5965.JPEG,375,500
train/n02526121/n02526121_10152.JPEG,500,374
train/n02226429/n02226429_11569.JPEG,375,500
train/n02085620/n02085620_3194.JPEG,375,500
train/n03443371/n03443371_4172.JPEG,500,494
train/n04325704/n04325704_9612.JPEG,500,375
train/n04335435/n04335435_2161.JPEG,333,500
train/n02100583/n02100583_1117.JPEG,318,500
train/n01695060/n01695060_6037.JPEG,375,500
train/n04149813/n04149813_3016.JPEG,500,357
train/n02510455/n02510455_3988.JPEG,375,500
train/n03868863/n03868863_12374.JPEG,500,333
train/n02536864/n02536864_23231.JPEG,500,375
train/n04141975/n04141975_20950.JPEG,595,920
train/n04332243/n04332243_16296.JPEG,350,500
train/n02814533/n02814533_4282.JPEG,375,500
train/n02206856/n02206856_1077.JPEG,500,441
train/n02319095/n02319095_2454.JPEG,500,375
train/n03063689/n03063689_17420.JPEG,500,500
train/n07718472/n07718472_18296.JPEG,333,500
train/n02909870/n02909870_24934.JPEG,340,500
train/n03344393/n03344393_7459.JPEG,375,500
train/n03709823/n03709823_11789.JPEG,375,500
train/n04536866/n04536866_40932.JPEG,500,333
train/n02526121/n02526121_7285.JPEG,333,500
train/n04141327/n04141327_8983.JPEG,600,800
train/n04550184/n04550184_80850.JPEG,500,371
train/n02730930/n02730930_1197.JPEG,500,485
train/n02025239/n02025239_8522.JPEG,334,500
train/n03250847/n03250847_9317.JPEG,500,334
train/n04355338/n04355338_9415.JPEG,500,375
train/n02111500/n02111500_409.JPEG,375,500
train/n02328150/n02328150_19914.JPEG,600,800
train/n07920052/n07920052_17590.JPEG,375,500
train/n02093428/n02093428_2636.JPEG,497,500
train/n07754684/n07754684_11796.JPEG,370,500
train/n02137549/n02137549_473.JPEG,500,375
train/n02112137/n02112137_17952.JPEG,500,438
train/n03100240/n03100240_22882.JPEG,375,500
train/n04429376/n04429376_25760.JPEG,500,375
train/n02834397/n02834397_7508.JPEG,500,499
train/n01692333/n01692333_9603.JPEG,333,500
train/n02100583/n02100583_1804.JPEG,333,500
train/n02134418/n02134418_5664.JPEG,333,500
train/n03888257/n03888257_7134.JPEG,500,333
train/n03445777/n03445777_6427.JPEG,336,448
train/n02077923/n02077923_723.JPEG,500,333
train/n01704323/n01704323_14827.JPEG,375,500
train/n06785654/n06785654_29723.JPEG,500,375
train/n03014705/n03014705_10354.JPEG,304,500
train/n04118776/n04118776_5802.JPEG,400,600
train/n01755581/n01755581_11826.JPEG,500,440
train/n03908714/n03908714_2134.JPEG,375,500
train/n01883070/n01883070_4399.JPEG,375,500
train/n02096177/n02096177_2797.JPEG,500,375
train/n04542943/n04542943_1803.JPEG,2112,2816
train/n01944390/n01944390_11365.JPEG,416,500
train/n04335435/n04335435_24144.JPEG,375,500
train/n04328186/n04328186_14076.JPEG,450,450
train/n02087394/n02087394_29309.JPEG,333,500
train/n03759954/n03759954_18630.JPEG,375,500
train/n04461696/n04461696_2752.JPEG,375,500
train/n04251144/n04251144_8748.JPEG,375,500
train/n04483307/n04483307_10906.JPEG,333,500
train/n02104365/n02104365_4517.JPEG,375,500
train/n03837869/n03837869_4273.JPEG,500,333
train/n04325704/n04325704_6901.JPEG,500,375
train/n01498041/n01498041_10412.JPEG,333,500
train/n03743016/n03743016_2369.JPEG,375,500
train/n09193705/n09193705_5886.JPEG,473,630
train/n06874185/n06874185_45798.JPEG,500,333
train/n02129604/n02129604_4430.JPEG,343,500
train/n01608432/n01608432_8380.JPEG,401,500
train/n02088094/n02088094_642.JPEG,375,500
train/n03532672/n03532672_28301.JPEG,500,454
train/n01641577/n01641577_521.JPEG,375,500
train/n04239074/n04239074_559.JPEG,375,500
train/n04285008/n04285008_8635.JPEG,333,500
train/n02843684/n02843684_10220.JPEG,500,333
train/n02981792/n02981792_15713.JPEG,500,333
train/n04136333/n04136333_19299.JPEG,800,333
train/n13044778/n13044778_4902.JPEG,571,864
train/n02098413/n02098413_7908.JPEG,500,375
train/n03529860/n03529860_4376.JPEG,375,500
train/n09193705/n09193705_27860.JPEG,375,500
train/n01873310/n01873310_15582.JPEG,374,500
train/n02790996/n02790996_3043.JPEG,495,400
train/n04612504/n04612504_960.JPEG,483,350
train/n03691459/n03691459_43297.JPEG,375,500
train/n02342885/n02342885_11850.JPEG,375,500
train/n02510455/n02510455_12114.JPEG,594,430
train/n03785016/n03785016_497.JPEG,500,375
train/n03776460/n03776460_25846.JPEG,333,500
train/n02794156/n02794156_16694.JPEG,500,375
train/n03717622/n03717622_4412.JPEG,500,500
train/n04554684/n04554684_15847.JPEG,333,500
train/n02125311/n02125311_16745.JPEG,375,500
train/n04317175/n04317175_9729.JPEG,453,500
train/n07747607/n07747607_4894.JPEG,334,500
train/n04277352/n04277352_7128.JPEG,375,500
train/n07747607/n07747607_3548.JPEG,333,500
train/n01695060/n01695060_23045.JPEG,334,500
train/n07802026/n07802026_16609.JPEG,375,500
train/n02111277/n02111277_6662.JPEG,399,500
train/n03131574/n03131574_16833.JPEG,456,609
train/n02415577/n02415577_1284.JPEG,375,500
train/n04037443/n04037443_37348.JPEG,375,500
train/n03873416/n03873416_27000.JPEG,375,500
train/n03372029/n03372029_18459.JPEG,1000,666
train/n04328186/n04328186_24926.JPEG,375,500
train/n07754684/n07754684_7897.JPEG,500,375
train/n02787622/n02787622_8803.JPEG,375,500
train/n02111277/n02111277_5238.JPEG,333,500
train/n02730930/n02730930_18523.JPEG,523,412
train/n02328150/n02328150_17780.JPEG,333,500
train/n02090379/n02090379_12463.JPEG,375,500
train/n01984695/n01984695_26985.JPEG,375,500
train/n03721384/n03721384_2642.JPEG,360,480
train/n04592741/n04592741_8072.JPEG,375,500
train/n01774750/n01774750_7613.JPEG,487,500
train/n03544143/n03544143_15150.JPEG,321,450
train/n03841143/n03841143_9448.JPEG,500,413
train/n03717622/n03717622_7508.JPEG,332,500
train/n02091831/n02091831_1275.JPEG,333,500
train/n01440764/n01440764_9567.JPEG,600,800
train/n01531178/n01531178_6368.JPEG,375,500
train/n02107142/n02107142_13483.JPEG,361,480
train/n01955084/n01955084_8436.JPEG,495,443
train/n09421951/n09421951_1506.JPEG,468,640
train/n03594945/n03594945_32810.JPEG,529,712
train/n02526121/n02526121_7714.JPEG,375,500
train/n02011460/n02011460_13129.JPEG,337,500
train/n03680355/n03680355_4637.JPEG,500,375
train/n04380533/n04380533_3071.JPEG,331,500
train/n04325704/n04325704_6670.JPEG,400,400
train/n03388043/n03388043_19225.JPEG,375,500
train/n02361337/n02361337_5347.JPEG,500,398
train/n02489166/n02489166_17524.JPEG,500,333
train/n01729322/n01729322_2750.JPEG,640,853
train/n03485794/n03485794_62321.JPEG,600,800
train/n03014705/n03014705_34617.JPEG,500,375
train/n02676566/n02676566_5363.JPEG,333,500
train/n04501370/n04501370_20464.JPEG,375,500
train/n03481172/n03481172_15851.JPEG,375,500
train/n03950228/n03950228_9101.JPEG,1227,1000
train/n01632458/n01632458_1681.JPEG,375,500
train/n03337140/n03337140_3342.JPEG,500,401
train/n07754684/n07754684_26188.JPEG,375,500
train/n03938244/n03938244_15286.JPEG,375,500
train/n03944341/n03944341_15611.JPEG,332,500
train/n04296562/n04296562_20220.JPEG,375,500
train/n02102480/n02102480_14887.JPEG,336,435
train/n02403003/n02403003_1797.JPEG,500,333
train/n03930313/n03930313_12475.JPEG,333,500
train/n03207941/n03207941_3754.JPEG,375,500
train/n04429376/n04429376_6496.JPEG,379,500
train/n06596364/n06596364_6778.JPEG,500,354
train/n03874599/n03874599_1119.JPEG,375,500
train/n01582220/n01582220_8901.JPEG,375,500
train/n02834397/n02834397_8960.JPEG,375,500
train/n04273569/n04273569_12927.JPEG,333,500
train/n01632458/n01632458_3198.JPEG,500,375
train/n04462240/n04462240_3840.JPEG,334,500
train/n03482405/n03482405_11518.JPEG,335,500
train/n02687172/n02687172_60521.JPEG,334,500
train/n02859443/n02859443_29832.JPEG,400,500
train/n02395406/n02395406_19313.JPEG,375,500
train/n03394916/n03394916_36000.JPEG,500,375
train/n02488291/n02488291_717.JPEG,600,696
train/n02011460/n02011460_5173.JPEG,500,338
train/n04146614/n04146614_3770.JPEG,500,375
train/n01980166/n01980166_7484.JPEG,350,500
train/n03788195/n03788195_7280.JPEG,768,1024
train/n04548362/n04548362_20405.JPEG,375,500
train/n02869837/n02869837_22074.JPEG,640,426
train/n07754684/n07754684_5509.JPEG,500,375
train/n02229544/n02229544_5552.JPEG,333,500
train/n03063689/n03063689_8869.JPEG,375,500
train/n03160309/n03160309_29357.JPEG,375,500
train/n03967562/n03967562_26372.JPEG,380,500
train/n01534433/n01534433_6950.JPEG,375,500
train/n07695742/n07695742_39.JPEG,375,500
train/n01692333/n01692333_4250.JPEG,375,500
train/n03770679/n03770679_18911.JPEG,375,500
train/n03916031/n03916031_7396.JPEG,375,500
train/n02981792/n02981792_12604.JPEG,375,500
train/n02782093/n02782093_2788.JPEG,333,500
train/n03325584/n03325584_13863.JPEG,500,392
train/n04125021/n04125021_19124.JPEG,375,500
train/n02111277/n02111277_3364.JPEG,375,500
train/n02317335/n02317335_44392.JPEG,452,500
train/n04428191/n04428191_10635.JPEG,490,500
train/n02655020/n02655020_5865.JPEG,332,500
train/n03967562/n03967562_9859.JPEG,375,500
train/n02672831/n02672831_1212.JPEG,500,375
train/n03947888/n03947888_17566.JPEG,675,900
train/n02667093/n02667093_1816.JPEG,500,338
train/n04252225/n04252225_2111.JPEG,375,500
train/n02165105/n02165105_990.JPEG,345,500
train/n04554684/n04554684_13359.JPEG,333,500
train/n02906734/n02906734_14871.JPEG,500,347
train/n04008634/n04008634_22512.JPEG,333,500
train/n04525305/n04525305_9797.JPEG,500,375
train/n04090263/n04090263_6007.JPEG,332,500
train/n03216828/n03216828_9901.JPEG,317,500
train/n02791270/n02791270_26914.JPEG,400,500
train/n04026417/n04026417_24410.JPEG,500,500
train/n02091831/n02091831_4491.JPEG,368,550
train/n07892512/n07892512_22328.JPEG,334,500
train/n03188531/n03188531_45930.JPEG,600,800
train/n11879895/n11879895_6121.JPEG,375,500
train/n02916936/n02916936_7280.JPEG,480,640
train/n01514859/n01514859_9000.JPEG,375,500
train/n03127925/n03127925_5098.JPEG,375,500
train/n02107908/n02107908_9904.JPEG,360,480
train/n04476259/n04476259_20798.JPEG,1536,2048
train/n02894605/n02894605_29824.JPEG,375,500
train/n07734744/n07734744_1025.JPEG,441,500
train/n09256479/n09256479_7543.JPEG,332,500
train/n01980166/n01980166_979.JPEG,375,500
train/n04275548/n04275548_1975.JPEG,375,500
train/n03594734/n03594734_63160.JPEG,336,500
train/n02071294/n02071294_44216.JPEG,333,500
train/n02808304/n02808304_17666.JPEG,341,500
train/n09288635/n09288635_11111.JPEG,375,500
train/n04162706/n04162706_9849.JPEG,375,500
train/n02398521/n02398521_22528.JPEG,375,500
train/n03126707/n03126707_14290.JPEG,375,500
train/n03899768/n03899768_27870.JPEG,375,500
train/n03857828/n03857828_68618.JPEG,421,456
train/n04612504/n04612504_15944.JPEG,375,500
train/n02279972/n02279972_2857.JPEG,400,600
train/n01984695/n01984695_27026.JPEG,375,500
train/n02441942/n02441942_16179.JPEG,540,720
train/n02480855/n02480855_20238.JPEG,448,500
train/n04065272/n04065272_18182.JPEG,375,500
train/n07734744/n07734744_17794.JPEG,369,500
train/n04277352/n04277352_23015.JPEG,375,500
train/n03445777/n03445777_9921.JPEG,378,500
train/n04192698/n04192698_7956.JPEG,500,328
train/n01667778/n01667778_2861.JPEG,352,500
train/n03721384/n03721384_4918.JPEG,354,500
train/n03777754/n03777754_3624.JPEG,500,411
train/n02114855/n02114855_15777.JPEG,334,500
train/n01616318/n01616318_11450.JPEG,400,500
train/n04141076/n04141076_37026.JPEG,333,500
train/n02120079/n02120079_4409.JPEG,375,500
train/n02319095/n02319095_4912.JPEG,375,500
train/n07717410/n07717410_5143.JPEG,375,500
train/n02110341/n02110341_12281.JPEG,500,333
train/n02025239/n02025239_7231.JPEG,348,500
train/n02493509/n02493509_13957.JPEG,500,460
train/n02165105/n02165105_3801.JPEG,354,500
train/n01774750/n01774750_17615.JPEG,375,500
train/n03782006/n03782006_962.JPEG,405,540
train/n04442312/n04442312_5705.JPEG,372,500
train/n02177972/n02177972_7632.JPEG,375,500
train/n02769748/n02769748_32234.JPEG,375,500
train/n03908714/n03908714_2638.JPEG,375,500
train/n02094114/n02094114_8744.JPEG,469,500
train/n04389033/n04389033_3070.JPEG,422,611
train/n02165105/n02165105_397.JPEG,375,500
train/n02687172/n02687172_14701.JPEG,536,750
train/n03970156/n03970156_31216.JPEG,461,500
train/n09256479/n09256479_6766.JPEG,333,500
train/n07836838/n07836838_3339.JPEG,535,800
train/n01729322/n01729322_1585.JPEG,596,815
train/n01616318/n01616318_55923.JPEG,334,500
train/n04479046/n04479046_1924.JPEG,366,500
train/n03775071/n03775071_1173.JPEG,375,500
train/n03788195/n03788195_30000.JPEG,375,500
train/n02037110/n02037110_3220.JPEG,500,365
train/n04026417/n04026417_16500.JPEG,500,500
train/n04487394/n04487394_24386.JPEG,536,1158
train/n01498041/n01498041_4754.JPEG,375,500
train/n02422699/n02422699_12378.JPEG,333,500
train/n02808440/n02808440_67476.JPEG,333,500
train/n04009552/n04009552_1997.JPEG,392,550
train/n02410509/n02410509_2562.JPEG,400,500
train/n03876231/n03876231_4892.JPEG,500,375
train/n01558993/n01558993_2866.JPEG,375,500
train/n04552348/n04552348_14657.JPEG,365,500
train/n01924916/n01924916_8940.JPEG,373,500
train/n04553703/n04553703_1025.JPEG,500,375
train/n01616318/n01616318_7343.JPEG,375,500
train/n02749479/n02749479_4554.JPEG,334,500
train/n03785016/n03785016_1598.JPEG,375,500
train/n06596364/n06596364_6964.JPEG,460,319
train/n04259630/n04259630_21874.JPEG,344,500
train/n09229709/n09229709_87595.JPEG,333,500
train/n01990800/n01990800_2985.JPEG,357,500
train/n02883205/n02883205_24349.JPEG,500,324
train/n02342885/n02342885_12424.JPEG,375,500
train/n01955084/n01955084_2279.JPEG,375,500
train/n02099601/n02099601_10560.JPEG,375,500
train/n03014705/n03014705_3143.JPEG,415,500
train/n04350905/n04350905_31028.JPEG,500,333
train/n02097130/n02097130_5718.JPEG,375,500
train/n02930766/n02930766_31355.JPEG,333,500
train/n07711569/n07711569_5492.JPEG,380,500
train/n02051845/n02051845_9868.JPEG,375,500
train/n03908618/n03908618_6133.JPEG,333,500
train/n04141076/n04141076_17965.JPEG,333,500
train/n03041632/n03041632_19971.JPEG,500,375
train/n15075141/n15075141_4731.JPEG,500,375
train/n02114367/n02114367_14658.JPEG,500,452
train/n01644373/n01644373_3042.JPEG,375,500
train/n03223299/n03223299_807.JPEG,375,500
train/n01818515/n01818515_6254.JPEG,400,500
train/n02106166/n02106166_12387.JPEG,333,500
train/n02113023/n02113023_6702.JPEG,500,375
train/n02128385/n02128385_891.JPEG,333,500
train/n03450230/n03450230_21173.JPEG,333,500
train/n01755581/n01755581_10747.JPEG,363,568
train/n03017168/n03017168_78910.JPEG,800,800
train/n01981276/n01981276_16094.JPEG,375,500
train/n02259212/n02259212_2895.JPEG,386,500
train/n04200800/n04200800_16115.JPEG,400,500
train/n04208210/n04208210_47029.JPEG,500,448
train/n03954731/n03954731_9963.JPEG,389,500
train/n03063599/n03063599_4330.JPEG,375,500
train/n02815834/n02815834_13298.JPEG,720,720
train/n04081281/n04081281_2701.JPEG,333,500
train/n02321529/n02321529_755.JPEG,375,500
train/n04286575/n04286575_45387.JPEG,336,500
train/n04146614/n04146614_4924.JPEG,393,500
train/n03249569/n03249569_61351.JPEG,360,504
train/n04270147/n04270147_8952.JPEG,467,500
train/n01796340/n01796340_9314.JPEG,500,357
train/n07880968/n07880968_8114.JPEG,375,500
train/n01582220/n01582220_1395.JPEG,500,333
train/n01531178/n01531178_24081.JPEG,372,500
train/n01749939/n01749939_5250.JPEG,333,500
train/n03976657/n03976657_37563.JPEG,500,375
train/n01797886/n01797886_9865.JPEG,375,500
train/n01616318/n01616318_3812.JPEG,375,500
train/n04591713/n04591713_5912.JPEG,500,333
train/n02443114/n02443114_2782.JPEG,376,500
train/n02395406/n02395406_5086.JPEG,447,742
train/n02869837/n02869837_43213.JPEG,375,500
train/n09332890/n09332890_21158.JPEG,354,500
train/n02823428/n02823428_4779.JPEG,375,500
train/n02493793/n02493793_10634.JPEG,375,500
train/n04116512/n04116512_2464.JPEG,375,500
train/n04019541/n04019541_47698.JPEG,364,500
train/n03691459/n03691459_9016.JPEG,339,450
train/n03661043/n03661043_3310.JPEG,333,500
train/n02007558/n02007558_2394.JPEG,336,500
train/n13040303/n13040303_6145.JPEG,337,500
train/n01775062/n01775062_7047.JPEG,364,500
train/n01755581/n01755581_5428.JPEG,375,500
train/n03649909/n03649909_14775.JPEG,376,500
train/n07613480/n07613480_12274.JPEG,375,500
train/n03126707/n03126707_35716.JPEG,400,563
train/n01877812/n01877812_10463.JPEG,333,500
train/n02090622/n02090622_7667.JPEG,363,500
train/n01558993/n01558993_13686.JPEG,324,500
train/n03837869/n03837869_4020.JPEG,500,375
train/n02963159/n02963159_584.JPEG,427,500
train/n02090379/n02090379_2003.JPEG,375,500
train/n02101556/n02101556_12284.JPEG,333,500
train/n03781244/n03781244_12314.JPEG,500,333
train/n04200800/n04200800_28333.JPEG,336,500
train/n02483708/n02483708_1558.JPEG,333,500
train/n03868242/n03868242_4666.JPEG,1200,1600
train/n02963159/n02963159_6992.JPEG,375,500
train/n04525305/n04525305_10609.JPEG,400,500
train/n01990800/n01990800_7845.JPEG,343,480
train/n03935335/n03935335_6773.JPEG,375,500
train/n02536864/n02536864_14406.JPEG,500,333
train/n03404251/n03404251_20785.JPEG,500,375
train/n01614925/n01614925_20610.JPEG,375,500
train/n03220513/n03220513_662.JPEG,390,500
train/n03950228/n03950228_27885.JPEG,600,594
train/n02111889/n02111889_3269.JPEG,375,500
train/n03720891/n03720891_4511.JPEG,500,407
train/n01873310/n01873310_22123.JPEG,333,500
train/n03770439/n03770439_18812.JPEG,500,331
train/n02097130/n02097130_226.JPEG,375,500
train/n03769881/n03769881_9699.JPEG,349,500
train/n04584207/n04584207_792.JPEG,500,375
train/n03733131/n03733131_9394.JPEG,500,357
train/n04179913/n04179913_5282.JPEG,412,550
train/n03717622/n03717622_4214.JPEG,333,500
train/n03000134/n03000134_3235.JPEG,375,500
train/n02895154/n02895154_9664.JPEG,325,430
train/n03337140/n03337140_604.JPEG,330,500
train/n01914609/n01914609_10127.JPEG,375,500
train/n03930630/n03930630_18882.JPEG,375,500
train/n02058221/n02058221_9239.JPEG,375,500
train/n03837869/n03837869_3654.JPEG,500,344
train/n02130308/n02130308_2692.JPEG,333,500
train/n04039381/n04039381_19922.JPEG,449,500
train/n01784675/n01784675_13653.JPEG,333,500
train/n02012849/n02012849_7651.JPEG,353,500
train/n02808304/n02808304_14785.JPEG,500,333
train/n04356056/n04356056_3259.JPEG,333,500
train/n01704323/n01704323_635.JPEG,375,500
train/n01498041/n01498041_10700.JPEG,333,500
train/n01847000/n01847000_10400.JPEG,375,500
train/n02397096/n02397096_6249.JPEG,331,500
train/n04592741/n04592741_17070.JPEG,500,333
train/n02086910/n02086910_15596.JPEG,375,500
train/n04040759/n04040759_59.JPEG,375,500
train/n03661043/n03661043_6790.JPEG,381,500
train/n12768682/n12768682_9584.JPEG,369,500
train/n02808440/n02808440_71004.JPEG,500,414
train/n02483362/n02483362_4845.JPEG,334,500
train/n13133613/n13133613_76086.JPEG,500,375
train/n07718472/n07718472_24060.JPEG,588,550
train/n10565667/n10565667_14737.JPEG,375,500
train/n03773504/n03773504_7431.JPEG,480,640
train/n03249569/n03249569_16576.JPEG,335,500
train/n01798484/n01798484_3361.JPEG,332,500
train/n04591713/n04591713_3281.JPEG,334,500
train/n02443114/n02443114_13865.JPEG,316,500
train/n07745940/n07745940_6411.JPEG,486,500
train/n01847000/n01847000_15259.JPEG,333,500
train/n02980441/n02980441_16701.JPEG,375,500
train/n03095699/n03095699_4275.JPEG,337,500
train/n03930630/n03930630_661.JPEG,370,500
train/n07749582/n07749582_980.JPEG,375,500
train/n02950826/n02950826_13094.JPEG,336,500
train/n03041632/n03041632_379.JPEG,500,375
train/n04311174/n04311174_8933.JPEG,375,500
train/n02487347/n02487347_11122.JPEG,500,353
train/n03649909/n03649909_5845.JPEG,399,533
train/n02090721/n02090721_1785.JPEG,333,500
train/n03141823/n03141823_106.JPEG,500,375
train/n02090721/n02090721_3033.JPEG,335,500
train/n03908618/n03908618_867.JPEG,474,1057
train/n02783161/n02783161_4084.JPEG,333,500
train/n03804744/n03804744_17516.JPEG,500,413
train/n04266014/n04266014_6782.JPEG,375,500
train/n02802426/n02802426_21777.JPEG,500,334
train/n03891332/n03891332_2938.JPEG,499,500
train/n03443371/n03443371_14605.JPEG,500,333
train/n02090379/n02090379_12270.JPEG,362,500
train/n03662601/n03662601_7662.JPEG,375,500
train/n01806567/n01806567_5614.JPEG,500,370
train/n03447447/n03447447_11810.JPEG,375,500
train/n02169497/n02169497_8843.JPEG,340,500
train/n01784675/n01784675_3926.JPEG,340,400
train/n10565667/n10565667_3903.JPEG,375,500
train/n04356056/n04356056_2229.JPEG,375,500
train/n07860988/n07860988_41070.JPEG,347,500
train/n02640242/n02640242_31643.JPEG,480,640
train/n04254777/n04254777_13407.JPEG,375,500
train/n01534433/n01534433_28407.JPEG,349,500
train/n04458633/n04458633_13073.JPEG,333,500
train/n02111277/n02111277_6627.JPEG,375,500
train/n02481823/n02481823_18351.JPEG,387,500
train/n02106662/n02106662_10632.JPEG,390,500
train/n01860187/n01860187_1684.JPEG,333,500
train/n03461385/n03461385_76283.JPEG,500,375
train/n04041544/n04041544_41002.JPEG,375,500
train/n04152593/n04152593_2389.JPEG,494,425
train/n02108089/n02108089_356.JPEG,500,375
train/n02865351/n02865351_3710.JPEG,485,311
train/n03063689/n03063689_16859.JPEG,500,333
train/n04525305/n04525305_8149.JPEG,375,500
train/n02077923/n02077923_895.JPEG,333,500
train/n01833805/n01833805_7118.JPEG,400,500
train/n02666196/n02666196_1349.JPEG,419,800
train/n04270147/n04270147_3951.JPEG,375,500
train/n03967562/n03967562_1662.JPEG,375,500
train/n07873807/n07873807_358.JPEG,375,500
train/n02087394/n02087394_591.JPEG,500,334
train/n02494079/n02494079_1608.JPEG,500,396
train/n01729322/n01729322_4403.JPEG,480,360
train/n02930766/n02930766_16003.JPEG,375,500
train/n03924679/n03924679_12047.JPEG,334,500
train/n07697537/n07697537_14246.JPEG,334,500
train/n02112137/n02112137_9468.JPEG,375,500
train/n03759954/n03759954_25266.JPEG,333,500
train/n09256479/n09256479_7890.JPEG,375,500
train/n10565667/n10565667_18103.JPEG,500,375
train/n03743016/n03743016_2722.JPEG,500,379
train/n07584110/n07584110_5670.JPEG,533,800
train/n03759954/n03759954_12912.JPEG,430,526
train/n04596742/n04596742_6362.JPEG,356,500
train/n01494475/n01494475_19116.JPEG,500,332
train/n03216828/n03216828_50806.JPEG,333,500
train/n04153751/n04153751_21627.JPEG,307,501
train/n02342885/n02342885_6190.JPEG,375,500
train/n07802026/n07802026_13885.JPEG,334,500
train/n04371430/n04371430_9275.JPEG,500,375
train/n02007558/n02007558_877.JPEG,348,500
train/n01775062/n01775062_878.JPEG,375,500
train/n07565083/n07565083_7998.JPEG,375,500
train/n02787622/n02787622_16800.JPEG,760,570
train/n03759954/n03759954_19130.JPEG,500,333
train/n04254777/n04254777_2851.JPEG,500,498
train/n04423845/n04423845_10469.JPEG,375,500
train/n15075141/n15075141_11598.JPEG,375,500
train/n03344393/n03344393_1811.JPEG,333,500
train/n03935335/n03935335_14200.JPEG,375,500
train/n02971356/n02971356_26382.JPEG,500,334
train/n04154565/n04154565_27358.JPEG,375,500
train/n01984695/n01984695_67342.JPEG,334,500
train/n01872401/n01872401_4656.JPEG,375,500
train/n02174001/n02174001_2239.JPEG,375,500
train/n03602883/n03602883_15824.JPEG,333,500
train/n02018795/n02018795_5206.JPEG,500,340
train/n02097474/n02097474_2778.JPEG,375,500
train/n02396427/n02396427_9440.JPEG,333,500
train/n03188531/n03188531_15554.JPEG,500,500
train/n02114548/n02114548_13877.JPEG,375,500
train/n03733281/n03733281_16429.JPEG,374,500
train/n03594945/n03594945_11943.JPEG,377,500
train/n02100877/n02100877_3971.JPEG,333,500
train/n02012849/n02012849_284.JPEG,357,500
train/n01689811/n01689811_6758.JPEG,327,500
train/n02869837/n02869837_8639.JPEG,375,500
train/n02859443/n02859443_7032.JPEG,570,800
train/n03670208/n03670208_7050.JPEG,600,800
train/n04179913/n04179913_11135.JPEG,500,332
train/n04356056/n04356056_48345.JPEG,375,500
train/n02909870/n02909870_149.JPEG,500,482
train/n01877812/n01877812_9932.JPEG,500,374
train/n04356056/n04356056_9610.JPEG,344,500
train/n04040759/n04040759_12955.JPEG,375,500
train/n03532672/n03532672_3322.JPEG,640,339
train/n01930112/n01930112_16240.JPEG,480,640
train/n07714990/n07714990_2403.JPEG,375,500
train/n02769748/n02769748_17930.JPEG,400,333
train/n02361337/n02361337_29586.JPEG,330,500
train/n03633091/n03633091_10896.JPEG,528,704
train/n03759954/n03759954_21508.JPEG,334,500
train/n04116512/n04116512_92634.JPEG,333,500
train/n02113023/n02113023_5719.JPEG,333,500
train/n02699494/n02699494_13516.JPEG,333,500
train/n03344393/n03344393_5110.JPEG,375,500
train/n01443537/n01443537_19650.JPEG,334,500
train/n03452741/n03452741_1987.JPEG,411,500
train/n02483708/n02483708_2854.JPEG,375,500
train/n03141823/n03141823_7269.JPEG,375,500
train/n03345487/n03345487_10438.JPEG,375,500
train/n03899768/n03899768_10507.JPEG,375,500
train/n01797886/n01797886_31729.JPEG,422,640
train/n02086910/n02086910_7156.JPEG,375,500
train/n02092339/n02092339_8170.JPEG,500,455
train/n04540053/n04540053_3937.JPEG,500,416
train/n02109047/n02109047_38922.JPEG,500,333
train/n02114855/n02114855_17367.JPEG,333,500
train/n02488291/n02488291_2974.JPEG,500,375
train/n04532106/n04532106_9838.JPEG,500,375
train/n07930864/n07930864_5260.JPEG,500,374
train/n01843383/n01843383_4122.JPEG,366,500
train/n11939491/n11939491_8749.JPEG,474,600
train/n03476991/n03476991_24263.JPEG,375,500
train/n09421951/n09421951_15360.JPEG,375,500
train/n03014705/n03014705_1573.JPEG,373,576
train/n04074963/n04074963_11676.JPEG,488,375
train/n03991062/n03991062_17164.JPEG,335,500
train/n02704792/n02704792_2676.JPEG,333,500
train/n03125729/n03125729_7260.JPEG,600,800
train/n03787032/n03787032_7725.JPEG,500,375
train/n02909870/n02909870_21519.JPEG,375,500
train/n03467068/n03467068_3715.JPEG,376,486
train/n02102177/n02102177_6888.JPEG,334,500
train/n04554684/n04554684_3207.JPEG,375,500
train/n04404412/n04404412_38408.JPEG,333,500
train/n03133878/n03133878_7861.JPEG,375,500
train/n12620546/n12620546_43830.JPEG,375,500
train/n07860988/n07860988_1100.JPEG,375,500
train/n03131574/n03131574_25081.JPEG,1200,1600
train/n03424325/n03424325_4061.JPEG,500,375
train/n01530575/n01530575_7423.JPEG,320,456
train/n10148035/n10148035_2275.JPEG,500,436
train/n03924679/n03924679_17552.JPEG,480,495
train/n03888605/n03888605_16409.JPEG,333,500
train/n03781244/n03781244_30110.JPEG,500,375
train/n07873807/n07873807_11598.JPEG,375,500
train/n02777292/n02777292_18504.JPEG,500,333
train/n02012849/n02012849_9140.JPEG,375,500
train/n01981276/n01981276_4829.JPEG,373,500
train/n02129604/n02129604_6721.JPEG,384,500
train/n04507155/n04507155_14860.JPEG,331,500
train/n03032252/n03032252_20475.JPEG,375,500
train/n02165456/n02165456_17073.JPEG,484,500
train/n02128385/n02128385_5066.JPEG,333,500
train/n02486410/n02486410_1121.JPEG,375,500
train/n02410509/n02410509_878.JPEG,333,500
train/n02219486/n02219486_30520.JPEG,500,438
train/n04153751/n04153751_6239.JPEG,333,500
train/n02840245/n02840245_4697.JPEG,374,500
train/n04162706/n04162706_31527.JPEG,500,375
train/n01687978/n01687978_12695.JPEG,500,333
train/n02776631/n02776631_39290.JPEG,375,500
train/n07715103/n07715103_5624.JPEG,352,480
train/n01632777/n01632777_1860.JPEG,333,500
train/n03272010/n03272010_6813.JPEG,334,500
train/n04509417/n04509417_601.JPEG,375,500
train/n09428293/n09428293_50117.JPEG,375,500
train/n03717622/n03717622_175.JPEG,375,500
train/n01883070/n01883070_1490.JPEG,333,500
train/n02797295/n02797295_11109.JPEG,500,333
train/n04252077/n04252077_2755.JPEG,524,650
train/n02398521/n02398521_19334.JPEG,360,480
train/n02951358/n02951358_3135.JPEG,400,500
train/n01632777/n01632777_2260.JPEG,424,565
train/n03970156/n03970156_10606.JPEG,500,375
train/n02097047/n02097047_3666.JPEG,500,375
train/n13054560/n13054560_7608.JPEG,500,389
train/n09472597/n09472597_15680.JPEG,500,336
train/n01440764/n01440764_11787.JPEG,350,500
train/n03218198/n03218198_16451.JPEG,533,800
train/n07745940/n07745940_9458.JPEG,354,500
train/n02391049/n02391049_7683.JPEG,427,350
train/n03899768/n03899768_23924.JPEG,500,375
train/n04485082/n04485082_19354.JPEG,500,333
train/n04482393/n04482393_18497.JPEG,401,500
train/n03976467/n03976467_74.JPEG,338,450
train/n02123045/n02123045_12691.JPEG,375,500
train/n02980441/n02980441_3147.JPEG,358,500
train/n02794156/n02794156_1743.JPEG,333,500
train/n04523525/n04523525_3284.JPEG,768,1024
train/n04275548/n04275548_6496.JPEG,500,343
train/n04162706/n04162706_5333.JPEG,400,500
train/n02110806/n02110806_13729.JPEG,480,640
train/n02804414/n02804414_4725.JPEG,500,375
train/n03259280/n03259280_9295.JPEG,375,500
train/n03443371/n03443371_927.JPEG,500,471
train/n01632777/n01632777_15024.JPEG,375,500
train/n02747177/n02747177_10095.JPEG,2032,1524
train/n02111889/n02111889_374.JPEG,405,500
train/n01775062/n01775062_1292.JPEG,387,500
train/n03982430/n03982430_9798.JPEG,370,555
train/n04371774/n04371774_13783.JPEG,375,500
train/n03188531/n03188531_27745.JPEG,375,500
train/n02877765/n02877765_7615.JPEG,375,500
train/n01695060/n01695060_17433.JPEG,376,500
train/n03775071/n03775071_35.JPEG,479,480
train/n03874293/n03874293_11397.JPEG,375,500
train/n04371430/n04371430_5994.JPEG,428,500
train/n03743016/n03743016_13458.JPEG,375,500
train/n02111889/n02111889_528.JPEG,500,333
train/n03793489/n03793489_4700.JPEG,375,500
train/n07880968/n07880968_14045.JPEG,375,500
train/n04347754/n04347754_5309.JPEG,375,500
train/n03291819/n03291819_9017.JPEG,375,500
train/n02481823/n02481823_13976.JPEG,500,333
train/n03109150/n03109150_5954.JPEG,368,500
train/n03841143/n03841143_8974.JPEG,375,500
train/n02808304/n02808304_14907.JPEG,500,352
train/n01806567/n01806567_10909.JPEG,328,500
train/n03355925/n03355925_11051.JPEG,600,670
train/n04033995/n04033995_40475.JPEG,550,388
train/n02494079/n02494079_4560.JPEG,500,333
train/n03207941/n03207941_10842.JPEG,375,500
train/n04147183/n04147183_32170.JPEG,599,800
train/n04037443/n04037443_37291.JPEG,375,500
train/n03976467/n03976467_5214.JPEG,494,500
train/n04201297/n04201297_9909.JPEG,375,500
train/n07711569/n07711569_2952.JPEG,365,500
train/n02087394/n02087394_2278.JPEG,332,500
train/n01742172/n01742172_15447.JPEG,500,375
train/n01924916/n01924916_18178.JPEG,342,500
train/n02488702/n02488702_6615.JPEG,375,500
train/n04118776/n04118776_42266.JPEG,375,500
train/n01695060/n01695060_20424.JPEG,375,500
train/n03207941/n03207941_15511.JPEG,375,500
train/n01632777/n01632777_14709.JPEG,333,500
train/n02782093/n02782093_961.JPEG,375,500
train/n07875152/n07875152_2734.JPEG,380,500
train/n03485794/n03485794_12375.JPEG,480,640
train/n03804744/n03804744_3590.JPEG,375,500
train/n02279972/n02279972_11763.JPEG,500,329
train/n02808304/n02808304_5413.JPEG,480,640
train/n04086273/n04086273_25898.JPEG,352,500
train/n03950228/n03950228_25087.JPEG,500,387
train/n01883070/n01883070_16031.JPEG,332,500
train/n04116512/n04116512_50908.JPEG,384,512
train/n07742313/n07742313_644.JPEG,363,500
train/n03627232/n03627232_26225.JPEG,364,500
train/n03759954/n03759954_20895.JPEG,375,500
train/n03710721/n03710721_16768.JPEG,353,500
train/n02843684/n02843684_4188.JPEG,500,375
train/n03637318/n03637318_21822.JPEG,375,500
train/n02128925/n02128925_36511.JPEG,354,530
train/n04371774/n04371774_14639.JPEG,375,500
train/n03930313/n03930313_26247.JPEG,333,500
train/n01871265/n01871265_2175.JPEG,333,500
train/n03481172/n03481172_12765.JPEG,451,500
train/n03841143/n03841143_9614.JPEG,375,500
train/n03743016/n03743016_11881.JPEG,333,500
train/n02361337/n02361337_8115.JPEG,333,500
train/n04141975/n04141975_7160.JPEG,375,500
train/n02871525/n02871525_12332.JPEG,383,500
train/n04376876/n04376876_14680.JPEG,375,500
train/n02108089/n02108089_2852.JPEG,375,500
train/n04485082/n04485082_17976.JPEG,333,500
train/n04296562/n04296562_41295.JPEG,375,500
train/n04081281/n04081281_2888.JPEG,357,473
train/n02100877/n02100877_4181.JPEG,334,500
train/n15075141/n15075141_27670.JPEG,375,500
train/n07930864/n07930864_58474.JPEG,368,500
train/n02536864/n02536864_22257.JPEG,500,375
train/n02930766/n02930766_36974.JPEG,434,500
train/n03899768/n03899768_28668.JPEG,380,500
train/n03877472/n03877472_25836.JPEG,332,500
train/n07695742/n07695742_7887.JPEG,400,320
train/n03908714/n03908714_2575.JPEG,375,500
train/n02361337/n02361337_2732.JPEG,375,500
train/n02112137/n02112137_13109.JPEG,333,500
train/n02319095/n02319095_1856.JPEG,500,500
train/n02490219/n02490219_5999.JPEG,653,475
train/n02484975/n02484975_9403.JPEG,599,577
train/n03394916/n03394916_1769.JPEG,375,500
train/n02879718/n02879718_9071.JPEG,320,400
train/n01582220/n01582220_4315.JPEG,375,500
train/n04004767/n04004767_10898.JPEG,375,500
train/n04355338/n04355338_16727.JPEG,597,632
train/n04310018/n04310018_4353.JPEG,333,500
train/n04146614/n04146614_10943.JPEG,337,500
train/n02125311/n02125311_22959.JPEG,500,334
train/n09472597/n09472597_27594.JPEG,375,500
train/n04613696/n04613696_3103.JPEG,375,500
train/n04131690/n04131690_2432.JPEG,1024,768
train/n07590611/n07590611_87.JPEG,450,337
train/n01443537/n01443537_14804.JPEG,333,500
train/n02834397/n02834397_3509.JPEG,375,500
train/n02328150/n02328150_11343.JPEG,375,500
train/n03089624/n03089624_37188.JPEG,375,500
train/n04476259/n04476259_21105.JPEG,395,500
train/n02906734/n02906734_23586.JPEG,338,500
train/n04192698/n04192698_19862.JPEG,375,500
train/n02256656/n02256656_8917.JPEG,375,500
train/n03018349/n03018349_9246.JPEG,1408,1704
train/n04442312/n04442312_27942.JPEG,333,500
train/n03355925/n03355925_32594.JPEG,500,500
train/n04596742/n04596742_19438.JPEG,375,500
train/n03956157/n03956157_4788.JPEG,308,500
train/n07768694/n07768694_34273.JPEG,375,500
train/n02229544/n02229544_15221.JPEG,415,500
train/n02422106/n02422106_4268.JPEG,359,541
train/n03417042/n03417042_12304.JPEG,500,375
train/n04525305/n04525305_13.JPEG,500,375
train/n01518878/n01518878_18934.JPEG,375,500
train/n01608432/n01608432_4112.JPEG,339,500
train/n04008634/n04008634_20709.JPEG,333,500
train/n02978881/n02978881_1830.JPEG,375,500
train/n03476991/n03476991_26354.JPEG,375,500
train/n12768682/n12768682_38734.JPEG,450,600
train/n01685808/n01685808_6535.JPEG,400,608
train/n03947888/n03947888_39719.JPEG,333,500
train/n04554684/n04554684_40507.JPEG,333,500
train/n01873310/n01873310_1131.JPEG,375,500
train/n04465501/n04465501_4560.JPEG,731,941
train/n02051845/n02051845_21696.JPEG,357,500
train/n03494278/n03494278_35702.JPEG,375,500
train/n07871810/n07871810_1092.JPEG,333,500
train/n02795169/n02795169_23965.JPEG,451,650
train/n04367480/n04367480_32629.JPEG,375,500
train/n02007558/n02007558_1510.JPEG,339,500
train/n02701002/n02701002_14861.JPEG,335,500
train/n07697313/n07697313_5859.JPEG,500,485
train/n04330267/n04330267_8886.JPEG,431,352
train/n09256479/n09256479_10070.JPEG,375,500
train/n07716906/n07716906_9497.JPEG,680,1024
train/n02356798/n02356798_4757.JPEG,482,620
train/n02128757/n02128757_359.JPEG,400,500
train/n02443114/n02443114_17309.JPEG,375,500
train/n13044778/n13044778_11111.JPEG,333,500
train/n02111277/n02111277_12924.JPEG,333,500
train/n11939491/n11939491_20031.JPEG,500,500
train/n04550184/n04550184_16122.JPEG,700,429
train/n01704323/n01704323_83.JPEG,375,500
train/n04584207/n04584207_13792.JPEG,600,600
train/n04465501/n04465501_2492.JPEG,450,600
train/n02484975/n02484975_6215.JPEG,500,338
train/n09193705/n09193705_25379.JPEG,375,500
train/n02093754/n02093754_5195.JPEG,333,500
train/n02769748/n02769748_40897.JPEG,748,450
train/n02797295/n02797295_6311.JPEG,375,500
train/n01986214/n01986214_23353.JPEG,375,500
train/n04482393/n04482393_13054.JPEG,500,438
train/n03871628/n03871628_23545.JPEG,333,500
train/n03759954/n03759954_24719.JPEG,500,375
train/n03345487/n03345487_16860.JPEG,375,500
train/n02096051/n02096051_9638.JPEG,473,500
train/n02895154/n02895154_36814.JPEG,500,500
train/n02092339/n02092339_6259.JPEG,375,500
train/n04141975/n04141975_32877.JPEG,375,500
train/n03404251/n03404251_5627.JPEG,391,500
train/n03617480/n03617480_9929.JPEG,500,375
train/n04081281/n04081281_86158.JPEG,332,500
train/n03692522/n03692522_14363.JPEG,333,500
train/n07753275/n07753275_13388.JPEG,500,375
train/n04259630/n04259630_824.JPEG,334,500
train/n02641379/n02641379_5083.JPEG,1200,1600
train/n02098413/n02098413_2063.JPEG,375,500
train/n02422106/n02422106_775.JPEG,375,500
train/n02981792/n02981792_11968.JPEG,770,563
train/n03065424/n03065424_34896.JPEG,375,500
train/n02841315/n02841315_8119.JPEG,375,500
train/n01770393/n01770393_132.JPEG,500,375
train/n03788195/n03788195_17691.JPEG,375,500
train/n03924679/n03924679_3305.JPEG,332,400
train/n03676483/n03676483_35371.JPEG,500,375
train/n02791270/n02791270_27483.JPEG,375,500
train/n02100583/n02100583_13688.JPEG,375,500
train/n07715103/n07715103_1289.JPEG,500,500
train/n04596742/n04596742_42844.JPEG,357,500
train/n02992211/n02992211_61989.JPEG,333,500
train/n06359193/n06359193_59121.JPEG,302,500
train/n03721384/n03721384_24042.JPEG,332,500
train/n04201297/n04201297_5119.JPEG,333,500
train/n04522168/n04522168_10356.JPEG,690,690
train/n03976657/n03976657_78976.JPEG,345,500
train/n02794156/n02794156_3725.JPEG,375,500
train/n09472597/n09472597_4650.JPEG,411,531
train/n01770393/n01770393_14754.JPEG,334,500
train/n04332243/n04332243_33894.JPEG,375,500
train/n03255030/n03255030_722.JPEG,400,400
train/n02174001/n02174001_8929.JPEG,334,500
train/n01580077/n01580077_14224.JPEG,500,375
train/n07583066/n07583066_6213.JPEG,375,500
train/n04525305/n04525305_14797.JPEG,375,500
train/n02165456/n02165456_35902.JPEG,385,500
train/n03337140/n03337140_6905.JPEG,500,375
train/n07747607/n07747607_28413.JPEG,375,500
train/n04070727/n04070727_28755.JPEG,500,375
train/n02948072/n02948072_3417.JPEG,731,650
train/n04554684/n04554684_11074.JPEG,500,363
train/n01664065/n01664065_10181.JPEG,375,500
train/n02786058/n02786058_10553.JPEG,375,500
train/n03670208/n03670208_13742.JPEG,375,500
train/n02051845/n02051845_30838.JPEG,361,500
train/n02111277/n02111277_53501.JPEG,500,333
train/n04235860/n04235860_1256.JPEG,389,600
train/n02412080/n02412080_27929.JPEG,333,500
train/n03938244/n03938244_9243.JPEG,483,500
train/n04133789/n04133789_14721.JPEG,369,500
train/n02037110/n02037110_829.JPEG,313,500
train/n04296562/n04296562_45522.JPEG,375,500
train/n02097047/n02097047_1031.JPEG,374,500
train/n02110185/n02110185_4813.JPEG,360,330
train/n02777292/n02777292_10910.JPEG,741,581
train/n04509417/n04509417_351.JPEG,375,500
train/n03876231/n03876231_4716.JPEG,375,500
train/n02793495/n02793495_19766.JPEG,332,500
train/n04505470/n04505470_2165.JPEG,590,807
train/n02112350/n02112350_7669.JPEG,325,370
train/n04428191/n04428191_4278.JPEG,336,448
train/n04201297/n04201297_132.JPEG,336,360
train/n03047690/n03047690_31912.JPEG,375,500
train/n03045698/n03045698_2737.JPEG,500,500
train/n01560419/n01560419_2777.JPEG,375,500
train/n04509417/n04509417_4818.JPEG,347,500
train/n03372029/n03372029_469.JPEG,375,500
train/n03131574/n03131574_20393.JPEG,500,375
train/n02236044/n02236044_16783.JPEG,500,333
train/n02130308/n02130308_2987.JPEG,334,500
train/n03840681/n03840681_17452.JPEG,375,500
train/n04346328/n04346328_9772.JPEG,500,375
train/n04116512/n04116512_17899.JPEG,444,592
train/n03617480/n03617480_4793.JPEG,500,355
train/n02018795/n02018795_5642.JPEG,669,675
train/n03692522/n03692522_10139.JPEG,435,580
train/n02112137/n02112137_14319.JPEG,375,500
train/n02096437/n02096437_6758.JPEG,521,800
train/n02840245/n02840245_7244.JPEG,500,375
train/n07711569/n07711569_8253.JPEG,375,500
train/n02396427/n02396427_47618.JPEG,333,500
train/n03124043/n03124043_371.JPEG,340,400
train/n03223299/n03223299_23006.JPEG,418,600
train/n06596364/n06596364_2353.JPEG,636,900
train/n04332243/n04332243_12872.JPEG,390,570
train/n02106550/n02106550_7616.JPEG,375,500
train/n02804610/n02804610_16012.JPEG,333,500
train/n03207941/n03207941_14739.JPEG,500,375
train/n02966193/n02966193_84189.JPEG,305,456
train/n02174001/n02174001_993.JPEG,375,500
train/n02992529/n02992529_2107.JPEG,333,500
train/n04596742/n04596742_21372.JPEG,375,500
train/n02643566/n02643566_8281.JPEG,375,500
train/n02783161/n02783161_7249.JPEG,420,306
train/n02346627/n02346627_111.JPEG,347,500
train/n03325584/n03325584_5071.JPEG,446,500
train/n02127052/n02127052_3590.JPEG,500,333
train/n02102318/n02102318_9190.JPEG,375,500
train/n01592084/n01592084_2789.JPEG,395,500
train/n02206856/n02206856_6962.JPEG,500,500
train/n03485794/n03485794_47200.JPEG,547,700
train/n03721384/n03721384_14653.JPEG,375,500
train/n04553703/n04553703_31930.JPEG,500,375
train/n07734744/n07734744_16990.JPEG,375,500
train/n01873310/n01873310_11727.JPEG,333,500
train/n03627232/n03627232_17581.JPEG,500,333
train/n09472597/n09472597_7689.JPEG,483,322
train/n02917067/n02917067_7239.JPEG,315,451
train/n03424325/n03424325_22820.JPEG,500,333
train/n02892201/n02892201_59059.JPEG,375,500
train/n03888605/n03888605_1256.JPEG,500,332
train/n03954731/n03954731_24544.JPEG,333,500
train/n02099712/n02099712_4508.JPEG,333,500
train/n03832673/n03832673_19902.JPEG,333,500
train/n04008634/n04008634_1826.JPEG,450,600
train/n04147183/n04147183_8818.JPEG,375,500
train/n04125021/n04125021_17502.JPEG,500,375
train/n04039381/n04039381_6304.JPEG,375,500
train/n02129165/n02129165_10790.JPEG,500,360
train/n02111129/n02111129_3461.JPEG,500,332
train/n02978881/n02978881_175.JPEG,434,500
train/n02264363/n02264363_4839.JPEG,910,538
train/n02782093/n02782093_33815.JPEG,662,883
train/n02259212/n02259212_5616.JPEG,448,500
train/n07584110/n07584110_2133.JPEG,369,553
train/n02114367/n02114367_17536.JPEG,458,500
train/n02106382/n02106382_10963.JPEG,375,500
train/n01530575/n01530575_9306.JPEG,333,500
train/n02105162/n02105162_6422.JPEG,432,576
train/n04597913/n04597913_8.JPEG,958,782
train/n03459775/n03459775_11307.JPEG,391,500
train/n03124043/n03124043_8719.JPEG,775,600
train/n04111531/n04111531_7097.JPEG,500,333
train/n02058221/n02058221_9149.JPEG,333,500
train/n03259280/n03259280_985.JPEG,375,500
train/n04447861/n04447861_3133.JPEG,375,500
train/n04041544/n04041544_11136.JPEG,375,500
train/n02268853/n02268853_2575.JPEG,469,700
train/n03485794/n03485794_27410.JPEG,466,500
train/n03355925/n03355925_16605.JPEG,1477,751
train/n02092339/n02092339_8035.JPEG,370,500
train/n02174001/n02174001_10118.JPEG,500,333
train/n02105251/n02105251_871.JPEG,333,500
train/n02815834/n02815834_10617.JPEG,375,500
train/n02037110/n02037110_16529.JPEG,364,500
train/n03344393/n03344393_4414.JPEG,333,500
train/n03857828/n03857828_20898.JPEG,375,500
train/n03982430/n03982430_40223.JPEG,375,500
train/n02229544/n02229544_9587.JPEG,375,500
train/n03888605/n03888605_21388.JPEG,375,500
train/n02326432/n02326432_11475.JPEG,321,500
train/n02120079/n02120079_3549.JPEG,513,640
train/n02268853/n02268853_1935.JPEG,457,500
train/n01818515/n01818515_2688.JPEG,333,500
train/n02106030/n02106030_9021.JPEG,500,375
train/n03544143/n03544143_9230.JPEG,960,1280
train/n01843383/n01843383_5450.JPEG,333,500
train/n07831146/n07831146_6111.JPEG,333,500
train/n03452741/n03452741_2161.JPEG,375,500
train/n01704323/n01704323_8187.JPEG,375,500
train/n03133878/n03133878_2663.JPEG,375,500
train/n01664065/n01664065_31057.JPEG,432,650
train/n02776631/n02776631_4294.JPEG,375,500
train/n02346627/n02346627_6111.JPEG,375,500
train/n02115913/n02115913_8294.JPEG,375,500
train/n07615774/n07615774_10280.JPEG,375,500
train/n01695060/n01695060_24237.JPEG,359,500
train/n03642806/n03642806_23524.JPEG,500,375
train/n02088238/n02088238_1649.JPEG,500,478
train/n02321529/n02321529_1905.JPEG,375,500
train/n03450230/n03450230_6375.JPEG,400,427
train/n03018349/n03018349_10769.JPEG,500,334
train/n03255030/n03255030_2818.JPEG,315,350
train/n02992529/n02992529_1413.JPEG,500,357
train/n02268443/n02268443_20801.JPEG,375,500
train/n01774384/n01774384_17368.JPEG,425,567
train/n02096177/n02096177_2415.JPEG,375,500
train/n03777754/n03777754_1193.JPEG,335,500
train/n03710637/n03710637_3530.JPEG,375,500
train/n04479046/n04479046_15070.JPEG,500,375
train/n02346627/n02346627_5039.JPEG,375,500
train/n03776460/n03776460_4738.JPEG,500,495
train/n01692333/n01692333_2355.JPEG,406,552
train/n02174001/n02174001_3534.JPEG,331,499
train/n04557648/n04557648_524.JPEG,375,500
train/n02397096/n02397096_1156.JPEG,375,500
train/n03868242/n03868242_9906.JPEG,375,500
train/n02361337/n02361337_4860.JPEG,500,333
train/n03127925/n03127925_17105.JPEG,500,333
train/n02364673/n02364673_12094.JPEG,375,500
train/n03602883/n03602883_18561.JPEG,333,500
train/n01877812/n01877812_10063.JPEG,375,500
train/n01914609/n01914609_664.JPEG,375,500
train/n02442845/n02442845_33330.JPEG,600,800
train/n03788195/n03788195_39263.JPEG,375,500
train/n03388043/n03388043_2732.JPEG,370,500
train/n04371774/n04371774_14044.JPEG,500,375
train/n01518878/n01518878_12374.JPEG,375,500
train/n03017168/n03017168_3439.JPEG,500,332
train/n01914609/n01914609_7157.JPEG,432,500
train/n02088364/n02088364_3719.JPEG,375,500
train/n03584254/n03584254_3573.JPEG,500,333
train/n04509417/n04509417_4853.JPEG,500,375
train/n03958227/n03958227_11228.JPEG,500,333
train/n03733281/n03733281_7008.JPEG,375,500
train/n01616318/n01616318_774.JPEG,339,500
train/n03041632/n03041632_25498.JPEG,375,500
train/n07768694/n07768694_5722.JPEG,375,500
train/n01530575/n01530575_6232.JPEG,600,800
train/n02012849/n02012849_39963.JPEG,334,500
train/n03935335/n03935335_12674.JPEG,375,500
train/n04118776/n04118776_5119.JPEG,361,400
train/n13054560/n13054560_6488.JPEG,500,333
train/n03976467/n03976467_3475.JPEG,500,323
train/n04265275/n04265275_564.JPEG,380,420
train/n03888257/n03888257_66102.JPEG,333,500
train/n03223299/n03223299_17584.JPEG,500,375
train/n01667778/n01667778_7400.JPEG,375,500
train/n02110958/n02110958_3354.JPEG,467,350
train/n02441942/n02441942_19971.JPEG,365,500
train/n03529860/n03529860_11441.JPEG,314,468
train/n03272562/n03272562_9387.JPEG,431,500
train/n03384352/n03384352_2353.JPEG,375,500
train/n01871265/n01871265_151.JPEG,600,800
train/n07717556/n07717556_2177.JPEG,333,500
train/n02112350/n02112350_1982.JPEG,375,500
train/n02113799/n02113799_8139.JPEG,1200,800
train/n02490219/n02490219_726.JPEG,600,402
train/n01883070/n01883070_1107.JPEG,333,500
train/n09193705/n09193705_63348.JPEG,683,1024
train/n01494475/n01494475_14194.JPEG,375,500
train/n04461696/n04461696_14402.JPEG,375,500
train/n03445777/n03445777_7203.JPEG,371,500
train/n02097047/n02097047_2418.JPEG,375,500
train/n02088094/n02088094_4601.JPEG,690,424
train/n04540053/n04540053_9808.JPEG,334,500
train/n04591713/n04591713_5490.JPEG,334,500
train/n01580077/n01580077_878.JPEG,442,500
train/n04517823/n04517823_27088.JPEG,333,500
train/n02169497/n02169497_4087.JPEG,375,500
train/n07584110/n07584110_7697.JPEG,500,332
train/n02666196/n02666196_1333.JPEG,337,500
train/n03345487/n03345487_6926.JPEG,375,500
train/n02814860/n02814860_4040.JPEG,500,334
train/n02992211/n02992211_27254.JPEG,350,500
train/n02869837/n02869837_5381.JPEG,500,333
train/n03662601/n03662601_5419.JPEG,333,500
train/n03871628/n03871628_12255.JPEG,357,599
train/n02930766/n02930766_27148.JPEG,375,500
train/n04005630/n04005630_17851.JPEG,500,333
train/n03028079/n03028079_3117.JPEG,565,850
train/n04254777/n04254777_37807.JPEG,375,500
train/n02837789/n02837789_9219.JPEG,727,1024
train/n07873807/n07873807_8968.JPEG,309,500
train/n01985128/n01985128_16341.JPEG,375,500
train/n03670208/n03670208_998.JPEG,548,641
train/n04228054/n04228054_15676.JPEG,375,500
train/n02264363/n02264363_7343.JPEG,357,500
train/n01695060/n01695060_26776.JPEG,375,500
train/n02906734/n02906734_32764.JPEG,480,640
train/n01990800/n01990800_5042.JPEG,500,700
train/n03476991/n03476991_13265.JPEG,375,500
train/n02486410/n02486410_2227.JPEG,375,500
train/n07932039/n07932039_19051.JPEG,500,333
train/n07579787/n07579787_11171.JPEG,375,500
train/n07711569/n07711569_4482.JPEG,333,500
train/n04296562/n04296562_41770.JPEG,375,500
train/n01774750/n01774750_7468.JPEG,403,500
train/n06785654/n06785654_11074.JPEG,400,500
train/n02129165/n02129165_10664.JPEG,375,500
train/n04596742/n04596742_7004.JPEG,500,500
train/n03857828/n03857828_64360.JPEG,375,500
train/n10565667/n10565667_11538.JPEG,375,500
train/n02951358/n02951358_1545.JPEG,768,1024
train/n03776460/n03776460_21873.JPEG,332,500
train/n04553703/n04553703_46769.JPEG,567,756
train/n09256479/n09256479_13.JPEG,480,640
train/n03467068/n03467068_18026.JPEG,500,335
train/n07930864/n07930864_9849.JPEG,500,375
train/n03188531/n03188531_29900.JPEG,375,500
train/n02105412/n02105412_119.JPEG,500,443
train/n03706229/n03706229_4553.JPEG,375,500
train/n02403003/n02403003_10194.JPEG,500,334
train/n03837869/n03837869_3611.JPEG,500,375
train/n01968897/n01968897_12916.JPEG,335,500
train/n04442312/n04442312_1491.JPEG,352,500
train/n02102177/n02102177_6334.JPEG,333,500
train/n01537544/n01537544_19776.JPEG,357,500
train/n03345487/n03345487_6428.JPEG,375,500
train/n02321529/n02321529_2517.JPEG,335,500
train/n01689811/n01689811_6956.JPEG,375,500
train/n04525038/n04525038_7432.JPEG,600,800
train/n04476259/n04476259_5465.JPEG,500,500
train/n01531178/n01531178_4909.JPEG,332,500
train/n02092339/n02092339_6541.JPEG,375,500
train/n04296562/n04296562_94844.JPEG,323,500
train/n03125729/n03125729_16972.JPEG,500,375
train/n07716358/n07716358_5238.JPEG,500,389
train/n04141327/n04141327_9534.JPEG,500,334
train/n03788195/n03788195_22043.JPEG,375,500
train/n01692333/n01692333_9673.JPEG,594,387
train/n02699494/n02699494_6618.JPEG,500,337
train/n03388043/n03388043_13069.JPEG,375,500
train/n03584829/n03584829_49825.JPEG,558,764
train/n04065272/n04065272_10443.JPEG,315,578
train/n02006656/n02006656_295.JPEG,394,500
train/n04005630/n04005630_12444.JPEG,360,399
train/n04552348/n04552348_11738.JPEG,333,500
train/n02099712/n02099712_475.JPEG,333,500
train/n02028035/n02028035_10424.JPEG,375,500
train/n01944390/n01944390_12182.JPEG,386,500
train/n03028079/n03028079_2617.JPEG,441,500
train/n01860187/n01860187_592.JPEG,333,500
train/n03891332/n03891332_3470.JPEG,375,500
train/n03160309/n03160309_11171.JPEG,350,540
train/n01910747/n01910747_1833.JPEG,486,600
train/n03873416/n03873416_17817.JPEG,375,500
train/n04370456/n04370456_3470.JPEG,375,500
train/n03930313/n03930313_15692.JPEG,375,500
train/n03877845/n03877845_11405.JPEG,565,750
train/n07753592/n07753592_6639.JPEG,375,500
train/n02364673/n02364673_7542.JPEG,375,500
train/n02117135/n02117135_8392.JPEG,425,567
train/n03717622/n03717622_1896.JPEG,333,500
train/n04277352/n04277352_3918.JPEG,352,500
train/n03884397/n03884397_14582.JPEG,500,375
train/n04147183/n04147183_17477.JPEG,333,500
train/n03249569/n03249569_31714.JPEG,500,334
train/n02488291/n02488291_6042.JPEG,600,399
train/n02093754/n02093754_6457.JPEG,375,500
train/n03814906/n03814906_36552.JPEG,400,400
train/n03770439/n03770439_4286.JPEG,500,375
train/n02264363/n02264363_3784.JPEG,500,333
train/n01843383/n01843383_4636.JPEG,365,500
train/n02025239/n02025239_2806.JPEG,362,500
train/n03131574/n03131574_32220.JPEG,375,500
train/n02071294/n02071294_28764.JPEG,375,500
train/n03133878/n03133878_13237.JPEG,375,500
train/n09472597/n09472597_20560.JPEG,313,500
train/n04209239/n04209239_8750.JPEG,375,500
train/n02105251/n02105251_5384.JPEG,375,500
train/n07715103/n07715103_4945.JPEG,375,500
train/n02111500/n02111500_9116.JPEG,333,500
train/n03445777/n03445777_3696.JPEG,624,421
train/n03028079/n03028079_10219.JPEG,500,386
train/n02326432/n02326432_24262.JPEG,643,415
train/n03980874/n03980874_17493.JPEG,1200,800
train/n02111500/n02111500_8980.JPEG,375,500
train/n01797886/n01797886_39.JPEG,500,425
train/n03947888/n03947888_8512.JPEG,333,500
train/n04515003/n04515003_11591.JPEG,332,500
train/n02777292/n02777292_19350.JPEG,331,450
train/n03617480/n03617480_8846.JPEG,500,338
train/n02107683/n02107683_2820.JPEG,332,500
train/n04493381/n04493381_7366.JPEG,376,500
train/n01443537/n01443537_22323.JPEG,375,500
train/n02125311/n02125311_23352.JPEG,500,333
train/n02444819/n02444819_6334.JPEG,427,500
train/n03417042/n03417042_19563.JPEG,375,500
train/n03297495/n03297495_1359.JPEG,380,500
train/n03888257/n03888257_5565.JPEG,539,394
train/n03445777/n03445777_8209.JPEG,332,500
train/n04367480/n04367480_23154.JPEG,500,375
train/n03938244/n03938244_12197.JPEG,500,412
train/n01833805/n01833805_5650.JPEG,500,489
train/n07831146/n07831146_4357.JPEG,335,500
train/n02177972/n02177972_1830.JPEG,500,375
train/n04423845/n04423845_9007.JPEG,500,375
train/n04265275/n04265275_10087.JPEG,500,313
train/n04592741/n04592741_5054.JPEG,375,500
train/n04592741/n04592741_20653.JPEG,460,500
train/n07583066/n07583066_868.JPEG,500,375
train/n02814533/n02814533_65256.JPEG,525,525
train/n03673027/n03673027_8876.JPEG,500,375
train/n07613480/n07613480_35530.JPEG,333,500
train/n02791124/n02791124_1350.JPEG,333,500
train/n02815834/n02815834_2232.JPEG,400,325
train/n02787622/n02787622_21400.JPEG,500,375
train/n02105162/n02105162_4911.JPEG,500,498
train/n04041544/n04041544_53564.JPEG,375,500
train/n02361337/n02361337_8923.JPEG,504,335
train/n07831146/n07831146_6345.JPEG,333,500
train/n04355933/n04355933_2355.JPEG,365,500
train/n03954731/n03954731_6026.JPEG,341,585
train/n01664065/n01664065_30159.JPEG,600,800
train/n02795169/n02795169_6950.JPEG,375,500
train/n04456115/n04456115_24733.JPEG,420,500
train/n03868863/n03868863_1966.JPEG,363,528
train/n03642806/n03642806_23745.JPEG,333,500
train/n02086079/n02086079_6119.JPEG,500,396
train/n04346328/n04346328_13542.JPEG,500,375
train/n04004767/n04004767_26545.JPEG,344,500
train/n02794156/n02794156_9989.JPEG,500,375
train/n02398521/n02398521_11631.JPEG,375,500
train/n04009552/n04009552_20054.JPEG,338,450
train/n02981792/n02981792_7074.JPEG,675,900
train/n04606251/n04606251_2435.JPEG,500,333
train/n03804744/n03804744_5397.JPEG,467,500
train/n03063599/n03063599_4010.JPEG,375,500
train/n13044778/n13044778_4660.JPEG,520,562
train/n04399382/n04399382_34675.JPEG,375,500
train/n02500267/n02500267_2764.JPEG,500,334
train/n02966193/n02966193_4541.JPEG,400,500
train/n03759954/n03759954_23473.JPEG,375,500
train/n03814906/n03814906_3002.JPEG,500,492
train/n01735189/n01735189_5539.JPEG,301,500
train/n03637318/n03637318_8784.JPEG,500,375
train/n03721384/n03721384_18432.JPEG,362,467
train/n04456115/n04456115_13217.JPEG,606,400
train/n04074963/n04074963_18741.JPEG,375,500
train/n01537544/n01537544_15526.JPEG,500,335
train/n02219486/n02219486_29218.JPEG,375,500
train/n04486054/n04486054_10665.JPEG,335,500
train/n01985128/n01985128_29051.JPEG,500,375
train/n01798484/n01798484_21623.JPEG,331,500
train/n01729322/n01729322_5583.JPEG,500,400
train/n02100877/n02100877_13317.JPEG,469,625
train/n03000684/n03000684_19211.JPEG,375,500
train/n02174001/n02174001_1992.JPEG,304,404
train/n04487394/n04487394_20036.JPEG,375,500
train/n02799071/n02799071_13445.JPEG,333,500
train/n02096177/n02096177_5338.JPEG,375,500
train/n01692333/n01692333_1235.JPEG,354,500
train/n03670208/n03670208_42896.JPEG,499,730
train/n03220513/n03220513_13968.JPEG,381,500
train/n02172182/n02172182_1197.JPEG,332,500
train/n04398044/n04398044_6371.JPEG,375,500
train/n01872401/n01872401_6340.JPEG,375,500
train/n01860187/n01860187_1441.JPEG,334,500
train/n02927161/n02927161_19317.JPEG,500,375
train/n02058221/n02058221_6697.JPEG,600,800
train/n02130308/n02130308_21170.JPEG,500,347
train/n04141076/n04141076_10394.JPEG,909,682
train/n02865351/n02865351_27140.JPEG,640,480
train/n04039381/n04039381_18282.JPEG,375,500
train/n03481172/n03481172_7812.JPEG,329,325
train/n03724870/n03724870_20598.JPEG,1216,1000
train/n03642806/n03642806_8123.JPEG,375,500
train/n03662601/n03662601_34434.JPEG,480,640
train/n02403003/n02403003_768.JPEG,375,500
train/n01807496/n01807496_20162.JPEG,392,500
train/n07583066/n07583066_6489.JPEG,375,500
train/n02799071/n02799071_12262.JPEG,500,375
train/n04553703/n04553703_2460.JPEG,333,500
train/n04347754/n04347754_7679.JPEG,375,500
train/n02099712/n02099712_393.JPEG,500,375
train/n04116512/n04116512_9958.JPEG,375,500
train/n04515003/n04515003_39322.JPEG,500,375
train/n03089624/n03089624_30309.JPEG,375,500
train/n04356056/n04356056_5483.JPEG,375,500
train/n04251144/n04251144_37884.JPEG,356,500
train/n03967562/n03967562_3181.JPEG,479,640
train/n03047690/n03047690_12051.JPEG,480,640
train/n01818515/n01818515_20974.JPEG,357,500
train/n02971356/n02971356_6890.JPEG,480,640
train/n02096177/n02096177_7948.JPEG,375,500
train/n02927161/n02927161_18222.JPEG,375,500
train/n01735189/n01735189_13982.JPEG,400,500
train/n02797295/n02797295_7993.JPEG,375,500
train/n01665541/n01665541_33712.JPEG,334,500
train/n02490219/n02490219_5932.JPEG,500,500
train/n02129604/n02129604_6754.JPEG,480,500
train/n13044778/n13044778_5478.JPEG,355,500
train/n03877845/n03877845_101.JPEG,375,500
train/n03124170/n03124170_6703.JPEG,398,500
train/n02108422/n02108422_2596.JPEG,500,464
train/n02169497/n02169497_4253.JPEG,500,396
train/n01774384/n01774384_2434.JPEG,454,500
train/n01742172/n01742172_1466.JPEG,480,640
train/n03110669/n03110669_63211.JPEG,334,500
train/n02749479/n02749479_10727.JPEG,376,500
train/n04557648/n04557648_2180.JPEG,500,375
train/n04372370/n04372370_35393.JPEG,474,500
train/n02843684/n02843684_1625.JPEG,500,375
train/n01883070/n01883070_9059.JPEG,375,500
train/n03124043/n03124043_4505.JPEG,375,500
train/n03481172/n03481172_15547.JPEG,375,500
train/n04019541/n04019541_30565.JPEG,333,500
train/n07615774/n07615774_393.JPEG,500,374
train/n03028079/n03028079_7309.JPEG,366,500
train/n02206856/n02206856_4677.JPEG,500,486
train/n02510455/n02510455_9063.JPEG,375,500
train/n01843383/n01843383_11824.JPEG,375,500
train/n01689811/n01689811_580.JPEG,477,680
train/n02107683/n02107683_4183.JPEG,500,371
train/n04131690/n04131690_14211.JPEG,500,375
train/n02676566/n02676566_8406.JPEG,490,370
train/n02814533/n02814533_22201.JPEG,375,500
train/n02447366/n02447366_21470.JPEG,345,500
train/n02037110/n02037110_1166.JPEG,500,352
train/n06359193/n06359193_36266.JPEG,500,370
train/n04037443/n04037443_10088.JPEG,500,375
train/n01689811/n01689811_7358.JPEG,327,500
train/n02112018/n02112018_2559.JPEG,473,500
train/n02802426/n02802426_8783.JPEG,333,500
train/n02727426/n02727426_24759.JPEG,371,500
train/n10148035/n10148035_4963.JPEG,500,333
train/n02206856/n02206856_4589.JPEG,333,500
train/n02105162/n02105162_4800.JPEG,375,500
train/n02643566/n02643566_2860.JPEG,500,414
train/n04039381/n04039381_4920.JPEG,375,500
train/n02492035/n02492035_1762.JPEG,375,500
train/n03126707/n03126707_14649.JPEG,500,375
train/n02727426/n02727426_151.JPEG,1200,1600
train/n04147183/n04147183_6971.JPEG,333,500
train/n03394916/n03394916_36752.JPEG,375,500
train/n02058221/n02058221_12264.JPEG,402,500
train/n02790996/n02790996_9332.JPEG,500,335
train/n04462240/n04462240_9304.JPEG,500,375
train/n03452741/n03452741_20938.JPEG,375,500
train/n04482393/n04482393_2077.JPEG,333,500
train/n02483362/n02483362_1179.JPEG,375,500
train/n04417672/n04417672_5855.JPEG,375,500
train/n03633091/n03633091_14239.JPEG,333,500
train/n03018349/n03018349_19072.JPEG,500,387
train/n02058221/n02058221_18567.JPEG,350,500
train/n07831146/n07831146_2967.JPEG,500,334
train/n03627232/n03627232_42693.JPEG,355,500
train/n02113023/n02113023_4893.JPEG,375,500
train/n02397096/n02397096_2519.JPEG,643,800
train/n01910747/n01910747_16848.JPEG,375,500
train/n03759954/n03759954_24393.JPEG,500,482
train/n02536864/n02536864_14401.JPEG,500,333
train/n07711569/n07711569_480.JPEG,375,500
train/n02909870/n02909870_14273.JPEG,500,375
train/n02115913/n02115913_1677.JPEG,307,500
train/n03982430/n03982430_5148.JPEG,480,640
train/n03933933/n03933933_16717.JPEG,338,500
train/n07695742/n07695742_8192.JPEG,323,500
train/n02814860/n02814860_13366.JPEG,500,334
train/n02058221/n02058221_36402.JPEG,500,335
train/n04482393/n04482393_4745.JPEG,500,333
train/n02100583/n02100583_3815.JPEG,333,500
train/n02494079/n02494079_13793.JPEG,375,500
train/n07860988/n07860988_7648.JPEG,343,500
train/n02088632/n02088632_5194.JPEG,334,500
train/n02108089/n02108089_1523.JPEG,461,306
train/n02090721/n02090721_783.JPEG,333,500
train/n04040759/n04040759_7606.JPEG,375,500
train/n03249569/n03249569_15473.JPEG,1038,1000
train/n01872401/n01872401_4021.JPEG,375,500
train/n02641379/n02641379_7430.JPEG,450,600
train/n02814533/n02814533_27597.JPEG,375,500
train/n04476259/n04476259_3234.JPEG,459,500
train/n03089624/n03089624_36389.JPEG,375,500
train/n04456115/n04456115_32510.JPEG,333,500
train/n03710193/n03710193_1195.JPEG,500,375
train/n04428191/n04428191_10660.JPEG,768,1024
train/n02417914/n02417914_10581.JPEG,500,379
train/n09332890/n09332890_46882.JPEG,333,500
train/n03109150/n03109150_15105.JPEG,662,756
train/n02906734/n02906734_24855.JPEG,321,500
train/n02749479/n02749479_4411.JPEG,400,600
train/n01872401/n01872401_2827.JPEG,333,500
train/n02113186/n02113186_19460.JPEG,500,333
train/n03447447/n03447447_7982.JPEG,500,334
train/n04037443/n04037443_1505.JPEG,332,500
train/n07584110/n07584110_8383.JPEG,682,1023
train/n02105505/n02105505_4495.JPEG,828,1167
train/n01534433/n01534433_10865.JPEG,357,500
train/n03447447/n03447447_8524.JPEG,334,500
train/n02259212/n02259212_822.JPEG,403,500
train/n04458633/n04458633_5837.JPEG,500,375
train/n02093428/n02093428_1655.JPEG,332,500
train/n02437616/n02437616_16624.JPEG,450,600
train/n02951358/n02951358_15978.JPEG,333,500
train/n02963159/n02963159_4681.JPEG,500,375
train/n06785654/n06785654_29332.JPEG,375,500
train/n01491361/n01491361_7755.JPEG,333,500
train/n03899768/n03899768_7012.JPEG,375,500
train/n01855672/n01855672_41018.JPEG,353,500
train/n02128925/n02128925_38564.JPEG,380,500
train/n02110627/n02110627_16609.JPEG,500,334
train/n04486054/n04486054_3722.JPEG,375,500
train/n02999410/n02999410_14772.JPEG,375,500
train/n02951358/n02951358_14642.JPEG,332,500
train/n03733281/n03733281_18525.JPEG,375,500
train/n02011460/n02011460_3769.JPEG,369,500
train/n03633091/n03633091_16539.JPEG,500,333
train/n03337140/n03337140_11851.JPEG,500,375
train/n03947888/n03947888_3503.JPEG,986,740
train/n04350905/n04350905_91205.JPEG,500,333
train/n04613696/n04613696_5045.JPEG,375,500
train/n04270147/n04270147_2581.JPEG,450,450
train/n04179913/n04179913_14608.JPEG,375,500
train/n07749582/n07749582_3368.JPEG,500,330
train/n03877472/n03877472_13231.JPEG,620,367
train/n03481172/n03481172_11311.JPEG,322,500
train/n02640242/n02640242_12543.JPEG,354,500
train/n01514668/n01514668_18607.JPEG,336,500
train/n03376595/n03376595_6419.JPEG,375,500
train/n04141975/n04141975_21047.JPEG,500,500
train/n03874599/n03874599_983.JPEG,332,500
train/n03877472/n03877472_13924.JPEG,600,365
train/n03207941/n03207941_11225.JPEG,375,500
train/n03787032/n03787032_10899.JPEG,356,380
train/n01614925/n01614925_6158.JPEG,372,500
train/n07860988/n07860988_6478.JPEG,401,500
train/n02444819/n02444819_8428.JPEG,333,500
train/n02058221/n02058221_3885.JPEG,346,511
train/n02093647/n02093647_1659.JPEG,333,500
train/n01664065/n01664065_10088.JPEG,303,500
train/n04147183/n04147183_910.JPEG,338,500
train/n04367480/n04367480_192.JPEG,864,1203
train/n02727426/n02727426_18374.JPEG,375,500
train/n07749582/n07749582_22367.JPEG,323,500
train/n03394916/n03394916_38041.JPEG,375,500
train/n07860988/n07860988_4918.JPEG,375,500
train/n03838899/n03838899_9054.JPEG,641,370
train/n01768244/n01768244_1460.JPEG,480,640
train/n04209239/n04209239_8089.JPEG,375,500
train/n02117135/n02117135_5606.JPEG,447,500
train/n01514668/n01514668_20776.JPEG,366,500
train/n02106166/n02106166_22709.JPEG,333,500
train/n01608432/n01608432_37968.JPEG,358,500
train/n03857828/n03857828_52032.JPEG,1536,2048
train/n03272562/n03272562_10050.JPEG,333,500
train/n03388183/n03388183_13836.JPEG,500,381
train/n04296562/n04296562_28370.JPEG,375,500
train/n04277352/n04277352_30929.JPEG,500,375
train/n02364673/n02364673_13922.JPEG,500,375
train/n01494475/n01494475_6702.JPEG,375,500
train/n01796340/n01796340_398.JPEG,342,512
train/n02085620/n02085620_8637.JPEG,375,500
train/n09229709/n09229709_15724.JPEG,375,500
train/n04613696/n04613696_4999.JPEG,375,500
train/n04310018/n04310018_5580.JPEG,375,500
train/n02106030/n02106030_769.JPEG,333,500
train/n02226429/n02226429_3004.JPEG,500,333
train/n04476259/n04476259_8515.JPEG,356,490
train/n01692333/n01692333_3033.JPEG,333,500
train/n03944341/n03944341_23525.JPEG,333,500
train/n02489166/n02489166_9746.JPEG,375,500
train/n01755581/n01755581_24489.JPEG,500,334
train/n02102177/n02102177_2388.JPEG,375,500
train/n01704323/n01704323_9258.JPEG,500,500
train/n02264363/n02264363_13101.JPEG,400,560
train/n04070727/n04070727_23267.JPEG,500,375
train/n03680355/n03680355_18356.JPEG,500,375
train/n02786058/n02786058_1901.JPEG,400,400
train/n01924916/n01924916_8450.JPEG,375,500
train/n02256656/n02256656_2974.JPEG,375,500
train/n04116512/n04116512_11314.JPEG,333,500
train/n03133878/n03133878_3066.JPEG,333,500
train/n01978287/n01978287_2757.JPEG,375,500
train/n03388183/n03388183_9088.JPEG,472,375
train/n01443537/n01443537_17255.JPEG,375,500
train/n02978881/n02978881_30321.JPEG,333,500
train/n03045698/n03045698_5698.JPEG,375,500
train/n03908618/n03908618_5939.JPEG,375,500
train/n02113186/n02113186_3297.JPEG,350,500
train/n01644373/n01644373_1037.JPEG,500,333
train/n07753113/n07753113_22665.JPEG,375,500
train/n04458633/n04458633_1958.JPEG,375,500
train/n03874293/n03874293_13498.JPEG,375,500
train/n03773504/n03773504_1182.JPEG,466,450
train/n03954731/n03954731_18880.JPEG,399,500
train/n03775546/n03775546_10876.JPEG,375,500
train/n04356056/n04356056_847.JPEG,375,500
train/n06874185/n06874185_19487.JPEG,375,500
train/n04493381/n04493381_10568.JPEG,500,500
train/n04251144/n04251144_29340.JPEG,375,500
train/n02794156/n02794156_18578.JPEG,500,373
train/n04417672/n04417672_439.JPEG,375,500
train/n03950228/n03950228_19864.JPEG,500,375
train/n03908618/n03908618_118.JPEG,419,500
train/n02966193/n02966193_39461.JPEG,331,500
train/n03337140/n03337140_5675.JPEG,341,500
train/n02111277/n02111277_1975.JPEG,500,375
train/n04429376/n04429376_20873.JPEG,500,332
train/n03792782/n03792782_16212.JPEG,500,333
train/n02786058/n02786058_15471.JPEG,471,600
train/n07920052/n07920052_19424.JPEG,375,500
train/n04550184/n04550184_12649.JPEG,1126,600
train/n01943899/n01943899_33222.JPEG,375,500
train/n01774750/n01774750_9719.JPEG,375,500
train/n04417672/n04417672_6646.JPEG,375,500
train/n02174001/n02174001_2512.JPEG,419,461
train/n03272562/n03272562_4448.JPEG,333,500
train/n04606251/n04606251_73408.JPEG,333,500
train/n04398044/n04398044_8352.JPEG,375,500
train/n02790996/n02790996_5159.JPEG,336,380
train/n01877812/n01877812_6895.JPEG,3938,2953
train/n03884397/n03884397_14749.JPEG,334,500
train/n04266014/n04266014_4433.JPEG,375,500
train/n04049303/n04049303_743.JPEG,480,640
train/n07836838/n07836838_28441.JPEG,375,500
train/n02268853/n02268853_14004.JPEG,375,500
train/n04356056/n04356056_35994.JPEG,333,500
train/n04507155/n04507155_19791.JPEG,395,500
train/n02442845/n02442845_25604.JPEG,333,500
train/n01860187/n01860187_945.JPEG,333,500
train/n01749939/n01749939_820.JPEG,333,500
train/n02088364/n02088364_6727.JPEG,555,704
train/n07747607/n07747607_9489.JPEG,600,650
train/n03388043/n03388043_3235.JPEG,346,500
train/n03649909/n03649909_8830.JPEG,333,500
train/n02028035/n02028035_25745.JPEG,500,334
train/n02395406/n02395406_387.JPEG,375,500
train/n02396427/n02396427_24157.JPEG,400,600
train/n02865351/n02865351_17419.JPEG,500,391
train/n02096437/n02096437_3322.JPEG,500,494
train/n02165456/n02165456_16330.JPEG,333,500
train/n03920288/n03920288_4688.JPEG,374,500
train/n02971356/n02971356_14129.JPEG,500,375
train/n02219486/n02219486_30488.JPEG,375,500
train/n01558993/n01558993_4047.JPEG,370,500
train/n03933933/n03933933_21887.JPEG,500,375
train/n02808304/n02808304_2807.JPEG,334,500
train/n06785654/n06785654_1264.JPEG,333,500
train/n01978287/n01978287_713.JPEG,333,500
train/n02643566/n02643566_157.JPEG,375,500
train/n03773504/n03773504_11597.JPEG,375,500
train/n03929660/n03929660_2634.JPEG,309,500
train/n03452741/n03452741_2717.JPEG,375,500
train/n01914609/n01914609_8573.JPEG,375,500
train/n03924679/n03924679_11334.JPEG,375,500
train/n02111500/n02111500_338.JPEG,306,410
train/n03706229/n03706229_4235.JPEG,333,500
train/n03218198/n03218198_13603.JPEG,2112,2816
train/n02105162/n02105162_2606.JPEG,332,500
train/n01641577/n01641577_14187.JPEG,400,500
train/n02088238/n02088238_2546.JPEG,375,500
train/n02676566/n02676566_6596.JPEG,500,333
train/n01855672/n01855672_4659.JPEG,333,500
train/n02447366/n02447366_2374.JPEG,400,500
train/n03876231/n03876231_1127.JPEG,375,500
train/n01945685/n01945685_16292.JPEG,333,500
train/n04371774/n04371774_12050.JPEG,375,500
train/n02231487/n02231487_965.JPEG,333,500
train/n07711569/n07711569_4857.JPEG,375,500
train/n03729826/n03729826_40479.JPEG,333,500
train/n03642806/n03642806_3895.JPEG,500,444
train/n01871265/n01871265_2417.JPEG,337,500
train/n04398044/n04398044_2547.JPEG,375,500
train/n04243546/n04243546_29574.JPEG,519,706
train/n04192698/n04192698_42712.JPEG,375,500
train/n07711569/n07711569_3785.JPEG,375,500
train/n09288635/n09288635_11561.JPEG,344,500
train/n04517823/n04517823_819.JPEG,600,600
train/n02110185/n02110185_4046.JPEG,500,374
train/n04179913/n04179913_15739.JPEG,375,500
train/n04311174/n04311174_7210.JPEG,375,500
train/n01843383/n01843383_2873.JPEG,500,340
train/n02117135/n02117135_5200.JPEG,333,500
train/n03141823/n03141823_13125.JPEG,576,432
train/n01855672/n01855672_6830.JPEG,375,500
train/n03584254/n03584254_3689.JPEG,500,375
train/n02317335/n02317335_3946.JPEG,500,498
train/n02077923/n02077923_4660.JPEG,500,333
train/n02128757/n02128757_9816.JPEG,500,375
train/n03527444/n03527444_3641.JPEG,600,800
train/n01924916/n01924916_4757.JPEG,450,600
train/n03717622/n03717622_4939.JPEG,375,500
train/n01798484/n01798484_8842.JPEG,374,500
train/n03841143/n03841143_16666.JPEG,375,500
train/n04442312/n04442312_14571.JPEG,375,500
train/n03854065/n03854065_340.JPEG,726,550
train/n02981792/n02981792_20540.JPEG,333,500
train/n02701002/n02701002_22286.JPEG,578,746
train/n02865351/n02865351_31330.JPEG,500,500
train/n02791270/n02791270_7472.JPEG,331,500
